Record Num.,Array Current(A) ,Array Voltage(V),Array Power(W),Load Current(A),Load Voltage(V),Load Power(W),Battery Current(A),Battery Voltage(V),Battery Temp.(℃),Battery SOC(%),Battery Max. Voltage(V),Battery Min. Voltage(V),Array Status,Charging Status,Battery Status,Load Status,Device Status,Daily Energy Consumed(kWh),Monthly Energy Consumed(kWh),Annual Energy Consumed(kWh),Total Energy Consumed(kWh),Daily Energy Generated(kWh),Monthly Energy Generated(kWh),Annual Energy Generated(kWh),Total Energy Generated(kWh)
Record Num.,Array Current(A) ,Array Voltage(V),Array Power(W),Load Current(A),Load Voltage(V),Load Power(W),Battery Current(A),Battery Voltage(V),Battery Temp.(℃),Battery SOC(%),Battery Max. Voltage(V),Battery Min. Voltage(V),Array Status,Charging Status,Battery Status,Load Status,Device Status,Daily Energy Consumed(kWh),Monthly Energy Consumed(kWh),Annual Energy Consumed(kWh),Total Energy Consumed(kWh),Daily Energy Generated(kWh),Monthly Energy Generated(kWh),Annual Energy Generated(kWh),Total Energy Generated(kWh)
1,0.30,21.84,6.61,0.00,14.39,0.00,0.46,14.39,25.00,100,14.88,12.89,Input,RaisingCharge,Normal,On,Normal,0.00,0.00,0.01,0.01,0.08,0.19,0.62,1.89,2017/2/14  12:11:0
2,0.19,21.57,4.28,0.00,13.81,0.00,0.31,13.81,25.00,100,14.88,12.89,Input,FloatCharge,Normal,On,Normal,0.00,0.00,0.01,0.01,0.08,0.19,0.62,1.89,2017/2/14  12:22:0
3,0.19,21.89,4.27,0.00,13.79,0.00,0.31,13.79,25.00,99,14.88,12.89,Input,FloatCharge,Normal,On,Normal,0.00,0.00,0.01,0.01,0.08,0.19,0.62,1.89,2017/2/14  12:33:0
4,0.17,21.68,3.85,0.00,13.78,0.00,0.28,13.78,25.00,99,14.88,12.89,Input,FloatCharge,Normal,On,Normal,0.00,0.00,0.01,0.01,0.08,0.19,0.62,1.89,2017/2/14  12:44:0
5,0.20,21.74,4.56,0.00,13.83,0.00,0.33,13.83,25.00,100,14.88,12.89,Input,FloatCharge,Normal,On,Normal,0.00,0.00,0.01,0.01,0.08,0.19,0.62,1.89,2017/2/14  12:55:0
6,0.15,21.53,3.43,0.00,13.75,0.00,0.25,13.75,25.00,97,14.88,12.89,Input,FloatCharge,Normal,On,Normal,0.00,0.00,0.01,0.01,0.08,0.19,0.62,1.89,2017/2/14  13:6:0
7,0.19,22.14,4.27,0.00,13.80,0.00,0.31,13.80,25.00,100,14.88,12.89,Input,FloatCharge,Normal,On,Normal,0.00,0.00,0.01,0.01,0.08,0.19,0.62,1.89,2017/2/14  13:17:0
8,0.20,20.44,4.12,0.00,13.75,0.00,0.30,13.75,25.00,98,14.88,12.89,Input,FloatCharge,Normal,On,Normal,0.00,0.00,0.01,0.01,0.08,0.19,0.62,1.89,2017/2/14  13:28:0
9,0.16,20.46,3.44,0.00,13.77,0.00,0.25,13.77,25.00,99,14.88,12.89,Input,FloatCharge,Normal,On,Normal,0.00,0.00,0.01,0.01,0.08,0.19,0.62,1.89,2017/2/14  13:39:0
10,0.13,21.15,2.88,0.00,13.73,0.00,0.21,13.73,25.00,97,14.88,12.89,Input,FloatCharge,Normal,On,Normal,0.00,0.00,0.01,0.01,0.08,0.19,0.62,1.89,2017/2/14  13:50:0
11,0.19,21.83,4.29,0.00,13.87,0.00,0.31,13.87,25.00,100,14.88,12.89,Input,FloatCharge,Normal,On,Normal,0.00,0.00,0.01,0.01,0.08,0.19,0.62,1.89,2017/2/14  14:1:0
12,0.14,21.21,3.17,0.00,13.80,0.00,0.23,13.80,25.00,100,14.88,12.89,Input,FloatCharge,Normal,On,Normal,0.00,0.00,0.01,0.01,0.09,0.20,0.63,1.90,2017/2/14  14:12:0
13,0.17,21.81,3.72,0.00,13.80,0.00,0.27,13.80,25.00,100,14.88,12.89,Input,FloatCharge,Normal,On,Normal,0.00,0.00,0.01,0.01,0.09,0.20,0.63,1.90,2017/2/14  14:23:0
14,0.18,19.65,3.72,0.00,13.79,0.00,0.27,13.79,25.00,99,14.88,12.89,Input,FloatCharge,Normal,On,Normal,0.00,0.00,0.01,0.01,0.09,0.20,0.63,1.90,2017/2/14  14:34:0
15,0.18,22.00,4.01,0.00,13.84,0.00,0.29,13.84,25.00,98,14.88,12.89,Input,FloatCharge,Normal,On,Normal,0.00,0.00,0.01,0.01,0.09,0.20,0.63,1.90,2017/2/14  14:45:0
16,0.24,19.49,4.85,0.00,13.87,0.00,0.35,13.87,25.00,100,14.88,12.89,Input,FloatCharge,Normal,On,Normal,0.00,0.00,0.01,0.01,0.09,0.20,0.63,1.90,2017/2/14  14:56:0
17,0.16,19.50,3.30,0.00,13.75,0.00,0.24,13.75,25.00,97,14.88,12.89,Input,FloatCharge,Normal,On,Normal,0.00,0.00,0.01,0.01,0.09,0.20,0.63,1.90,2017/2/14  15:7:0
18,0.17,19.33,3.44,0.00,13.79,0.00,0.25,13.79,25.00,99,14.88,12.89,Input,FloatCharge,Normal,On,Normal,0.00,0.00,0.01,0.01,0.09,0.20,0.63,1.90,2017/2/14  15:18:0
19,0.23,17.43,4.02,0.00,13.87,0.00,0.29,13.87,25.00,100,14.88,12.89,Input,FloatCharge,Normal,On,Normal,0.00,0.00,0.01,0.01,0.09,0.20,0.63,1.90,2017/2/14  15:29:0
20,0.17,18.27,3.17,0.00,13.80,0.00,0.23,13.80,25.00,100,14.88,12.89,Input,FloatCharge,Normal,On,Normal,0.00,0.00,0.01,0.01,0.09,0.20,0.63,1.90,2017/2/14  15:40:0
21,0.16,14.88,2.46,0.00,13.72,0.00,0.18,13.72,25.00,96,14.88,12.89,Input,FloatCharge,Normal,On,Normal,0.00,0.00,0.01,0.01,0.09,0.20,0.63,1.90,2017/2/14  15:51:0
22,0.08,14.55,1.21,0.00,13.54,0.00,0.09,13.54,25.00,90,14.88,12.89,Input,FloatCharge,Normal,On,Normal,0.00,0.00,0.01,0.01,0.09,0.20,0.63,1.90,2017/2/14  16:2:0
23,0.03,14.35,0.53,0.00,13.42,0.00,0.04,13.42,25.00,85,14.88,12.89,Input,FloatCharge,Normal,On,Normal,0.00,0.00,0.01,0.01,0.09,0.20,0.63,1.90,2017/2/14  16:13:0
24,0.00,14.30,0.13,0.01,13.36,0.13,0.01,13.36,25.00,83,14.88,12.89,Input,FloatCharge,Normal,On,Normal,0.00,0.00,0.01,0.01,0.09,0.20,0.63,1.90,2017/2/14  16:24:0
25,0.00,14.42,0.00,0.00,13.31,0.00,0.00,13.31,25.00,82,14.88,12.89,Input,FloatCharge,Normal,On,Normal,0.00,0.00,0.01,0.01,0.09,0.20,0.63,1.90,2017/2/14  16:35:0
26,0.00,11.96,0.00,0.00,13.31,0.00,0.00,13.31,25.00,81,14.88,12.89,CutOut,NotCharging,Normal,On,Normal,0.00,0.00,0.01,0.01,0.09,0.20,0.63,1.90,2017/2/14  16:46:0
27,0.00,5.34,0.00,0.00,13.30,0.00,0.00,13.30,25.00,81,14.88,12.89,CutOut,NotCharging,Normal,On,Normal,0.00,0.00,0.01,0.01,0.09,0.20,0.63,1.90,2017/2/14  16:57:0
28,0.00,2.63,0.00,0.00,13.29,0.00,0.00,13.29,25.00,81,14.88,12.89,CutOut,NotCharging,Normal,On,Normal,0.00,0.00,0.01,0.01,0.09,0.20,0.63,1.90,2017/2/14  17:8:0
29,0.00,0.34,0.00,0.00,13.29,0.00,0.00,13.29,25.00,81,14.88,12.89,CutOut,NotCharging,Normal,On,Normal,0.00,0.00,0.01,0.01,0.09,0.20,0.63,1.90,2017/2/14  17:20:0
30,0.00,0.08,0.00,0.00,13.29,0.00,0.00,13.29,25.00,81,14.88,12.89,CutOut,NotCharging,Normal,On,Normal,0.00,0.00,0.01,0.01,0.09,0.20,0.63,1.90,2017/2/14  17:31:0
31,0.00,0.03,0.00,0.00,13.27,0.00,0.00,13.27,25.00,80,14.88,12.89,CutOut,NotCharging,Normal,On,Normal,0.00,0.00,0.01,0.01,0.09,0.20,0.63,1.90,2017/2/14  17:42:0
32,0.00,0.04,0.00,0.00,13.27,0.00,0.00,13.27,25.00,80,14.88,12.89,CutOut,NotCharging,Normal,On,Normal,0.00,0.00,0.01,0.01,0.09,0.20,0.63,1.90,2017/2/14  17:53:0
33,0.00,0.03,0.00,0.00,13.27,0.00,0.00,13.27,25.00,80,14.88,12.89,CutOut,NotCharging,Normal,On,Normal,0.00,0.00,0.01,0.01,0.09,0.20,0.63,1.90,2017/2/14  18:4:0
34,0.00,0.05,0.00,0.00,13.26,0.00,0.00,13.26,25.00,80,14.88,12.89,CutOut,NotCharging,Normal,On,Normal,0.00,0.00,0.01,0.01,0.09,0.20,0.63,1.90,2017/2/14  18:15:0
35,0.00,0.04,0.00,0.00,13.25,0.00,0.00,13.25,25.00,80,14.88,12.89,CutOut,NotCharging,Normal,On,Normal,0.00,0.00,0.01,0.01,0.09,0.20,0.63,1.90,2017/2/14  18:26:0
36,0.00,0.10,0.00,0.00,13.25,0.00,0.00,13.25,25.00,80,14.88,12.89,CutOut,NotCharging,Normal,On,Normal,0.00,0.00,0.01,0.01,0.09,0.20,0.63,1.90,2017/2/14  18:37:0
37,0.00,0.11,0.00,0.00,13.26,0.00,0.00,13.26,25.00,79,14.88,12.89,CutOut,NotCharging,Normal,On,Normal,0.00,0.00,0.01,0.01,0.09,0.20,0.63,1.90,2017/2/14  18:48:0
38,0.00,0.15,0.00,0.00,13.25,0.00,0.00,13.25,25.00,79,14.88,12.89,CutOut,NotCharging,Normal,On,Normal,0.00,0.00,0.01,0.01,0.09,0.20,0.63,1.90,2017/2/14  18:59:0
39,0.00,0.09,0.00,0.00,13.24,0.00,0.00,13.24,25.00,79,14.88,12.89,CutOut,NotCharging,Normal,On,Normal,0.00,0.00,0.01,0.01,0.09,0.20,0.63,1.90,2017/2/14  19:10:0
40,0.00,0.11,0.00,0.00,13.24,0.00,0.00,13.24,25.00,79,14.88,12.89,CutOut,NotCharging,Normal,On,Normal,0.00,0.00,0.01,0.01,0.09,0.20,0.63,1.90,2017/2/14  19:21:0
41,0.00,0.13,0.00,0.00,13.24,0.00,0.00,13.24,25.00,79,14.88,12.89,CutOut,NotCharging,Normal,On,Normal,0.00,0.00,0.01,0.01,0.09,0.20,0.63,1.90,2017/2/14  19:32:0
42,0.00,0.04,0.00,0.00,13.24,0.00,0.00,13.24,25.00,78,14.88,12.89,CutOut,NotCharging,Normal,On,Normal,0.00,0.00,0.01,0.01,0.09,0.20,0.63,1.90,2017/2/14  19:43:0
43,0.00,0.15,0.00,0.00,13.24,0.00,0.00,13.24,25.00,78,14.88,12.89,CutOut,NotCharging,Normal,On,Normal,0.00,0.00,0.01,0.01,0.09,0.20,0.63,1.90,2017/2/14  19:54:0
44,0.00,0.06,0.00,0.00,13.23,0.00,0.00,13.23,25.00,79,14.88,12.89,CutOut,NotCharging,Normal,On,Normal,0.00,0.00,0.01,0.01,0.09,0.20,0.63,1.90,2017/2/14  20:5:0
45,0.00,0.00,0.00,0.00,13.23,0.00,0.00,13.23,25.00,78,14.88,12.89,CutOut,NotCharging,Normal,On,Normal,0.00,0.00,0.01,0.01,0.09,0.20,0.63,1.90,2017/2/14  20:16:0
46,0.00,0.00,0.00,0.00,13.23,0.00,0.00,13.23,25.00,78,14.88,12.89,CutOut,NotCharging,Normal,On,Normal,0.00,0.00,0.01,0.01,0.09,0.20,0.63,1.90,2017/2/14  20:27:0
47,0.00,0.04,0.00,0.00,13.23,0.00,0.00,13.23,25.00,78,14.88,12.89,CutOut,NotCharging,Normal,On,Normal,0.00,0.00,0.01,0.01,0.09,0.20,0.63,1.90,2017/2/14  20:38:0
48,0.00,0.05,0.00,0.00,13.22,0.00,0.00,13.22,25.00,78,14.88,12.89,CutOut,NotCharging,Normal,On,Normal,0.00,0.00,0.01,0.01,0.09,0.20,0.63,1.90,2017/2/14  20:49:0
49,0.00,0.04,0.00,0.00,13.22,0.00,0.00,13.22,25.00,78,14.88,12.89,CutOut,NotCharging,Normal,On,Normal,0.00,0.00,0.01,0.01,0.09,0.20,0.63,1.90,2017/2/14  21:0:0
50,0.00,0.07,0.00,0.00,13.22,0.00,0.00,13.22,25.00,78,14.88,12.89,CutOut,NotCharging,Normal,On,Normal,0.00,0.00,0.01,0.01,0.09,0.20,0.63,1.90,2017/2/14  21:11:0
51,0.00,0.02,0.00,0.00,13.22,0.00,0.00,13.22,25.00,78,14.88,12.89,CutOut,NotCharging,Normal,On,Normal,0.00,0.00,0.01,0.01,0.09,0.20,0.63,1.90,2017/2/14  21:22:0
52,0.00,0.06,0.00,0.00,13.21,0.00,0.00,13.21,25.00,78,14.88,12.89,CutOut,NotCharging,Normal,On,Normal,0.00,0.00,0.01,0.01,0.09,0.20,0.63,1.90,2017/2/14  21:33:0
53,0.00,0.00,0.00,0.00,13.21,0.00,0.00,13.21,25.00,78,14.88,12.89,CutOut,NotCharging,Normal,On,Normal,0.00,0.00,0.01,0.01,0.09,0.20,0.63,1.90,2017/2/14  21:44:0
54,0.00,0.13,0.00,0.00,13.21,0.00,0.00,13.21,25.00,78,14.88,12.89,CutOut,NotCharging,Normal,On,Normal,0.00,0.00,0.01,0.01,0.09,0.20,0.63,1.90,2017/2/14  21:55:0
55,0.00,0.15,0.00,0.00,13.21,0.00,0.00,13.21,25.00,78,14.88,12.89,CutOut,NotCharging,Normal,On,Normal,0.00,0.00,0.01,0.01,0.09,0.20,0.63,1.90,2017/2/14  22:6:0
56,0.00,0.07,0.00,0.02,13.20,0.26,0.00,13.20,25.00,77,13.22,13.19,CutOut,NotCharging,Normal,On,Normal,0.00,0.00,0.01,0.01,0.00,0.20,0.63,1.90,2017/2/14  22:18:0
57,0.00,0.17,0.00,0.01,13.20,0.13,0.00,13.20,25.00,77,13.22,13.19,CutOut,NotCharging,Normal,On,Normal,0.00,0.00,0.01,0.01,0.00,0.20,0.63,1.90,2017/2/14  22:29:0
58,0.00,0.11,0.00,0.00,13.20,0.00,0.00,13.20,25.00,77,13.22,13.19,CutOut,NotCharging,Normal,On,Normal,0.00,0.00,0.01,0.01,0.00,0.20,0.63,1.90,2017/2/14  22:40:0
59,0.00,0.13,0.00,0.00,13.20,0.00,0.00,13.20,25.00,77,13.22,13.19,CutOut,NotCharging,Normal,On,Normal,0.00,0.00,0.01,0.01,0.00,0.20,0.63,1.90,2017/2/14  22:51:0
60,0.00,0.04,0.00,0.00,13.20,0.00,0.00,13.20,25.00,77,13.22,13.18,CutOut,NotCharging,Normal,On,Normal,0.00,0.00,0.01,0.01,0.00,0.20,0.63,1.90,2017/2/14  23:2:0
61,0.00,0.00,0.00,0.00,13.20,0.00,0.00,13.20,25.00,77,13.22,13.18,CutOut,NotCharging,Normal,On,Normal,0.00,0.00,0.01,0.01,0.00,0.20,0.63,1.90,2017/2/14  23:13:0
62,0.00,0.02,0.00,0.01,13.19,0.13,0.00,13.19,25.00,77,13.22,13.18,CutOut,NotCharging,Normal,On,Normal,0.00,0.00,0.01,0.01,0.00,0.20,0.63,1.90,2017/2/14  23:24:0
63,0.00,0.01,0.00,0.01,13.19,0.13,0.00,13.19,25.00,77,13.22,13.18,CutOut,NotCharging,Normal,On,Normal,0.00,0.00,0.01,0.01,0.00,0.20,0.63,1.90,2017/2/14  23:35:0
64,0.00,0.02,0.00,0.01,13.19,0.13,0.00,13.19,25.00,77,13.22,13.18,CutOut,NotCharging,Normal,On,Normal,0.00,0.00,0.01,0.01,0.00,0.20,0.63,1.90,2017/2/14  23:46:0
65,0.00,0.02,0.00,0.00,13.19,0.00,0.00,13.19,25.00,77,13.22,13.17,CutOut,NotCharging,Normal,On,Normal,0.00,0.00,0.01,0.01,0.00,0.20,0.63,1.90,2017/2/14  23:57:0
66,0.00,0.04,0.00,0.00,13.19,0.00,0.00,13.19,25.00,77,13.22,13.17,CutOut,NotCharging,Normal,On,Normal,0.00,0.00,0.01,0.01,0.00,0.20,0.63,1.90,2017/2/14  0:8:0
67,0.00,0.03,0.00,0.00,13.18,0.00,0.00,13.18,25.00,77,13.22,13.17,CutOut,NotCharging,Normal,On,Normal,0.00,0.00,0.01,0.01,0.00,0.20,0.63,1.90,2017/2/14  0:19:0
68,0.00,0.03,0.00,0.01,13.18,0.13,0.00,13.18,25.00,77,13.22,13.16,CutOut,NotCharging,Normal,On,Normal,0.00,0.00,0.01,0.01,0.00,0.20,0.63,1.90,2017/2/14  0:30:0
69,0.00,0.00,0.00,0.00,13.18,0.00,0.00,13.18,25.00,77,13.22,13.16,CutOut,NotCharging,Normal,On,Normal,0.00,0.00,0.01,0.01,0.00,0.20,0.63,1.90,2017/2/14  0:41:0
70,0.00,0.03,0.00,0.01,13.18,0.13,0.00,13.18,25.00,77,13.22,13.16,CutOut,NotCharging,Normal,On,Normal,0.00,0.00,0.01,0.01,0.00,0.20,0.63,1.90,2017/2/14  0:52:0
71,0.00,0.02,0.00,0.01,13.17,0.13,0.00,13.17,25.00,77,13.22,13.16,CutOut,NotCharging,Normal,On,Normal,0.00,0.00,0.01,0.01,0.00,0.20,0.63,1.90,2017/2/14  1:3:0
72,0.00,0.00,0.00,0.00,13.18,0.00,0.00,13.18,25.00,77,13.22,13.16,CutOut,NotCharging,Normal,On,Normal,0.00,0.00,0.01,0.01,0.00,0.20,0.63,1.90,2017/2/14  1:14:0
73,0.00,0.06,0.00,0.01,13.17,0.13,0.00,13.17,25.00,76,13.22,13.16,CutOut,NotCharging,Normal,On,Normal,0.00,0.00,0.01,0.01,0.00,0.20,0.63,1.90,2017/2/14  1:25:0
74,0.00,0.05,0.00,0.01,13.17,0.13,0.00,13.17,25.00,76,13.22,13.15,CutOut,NotCharging,Normal,On,Normal,0.00,0.00,0.01,0.01,0.00,0.20,0.63,1.90,2017/2/14  1:36:0
75,0.00,0.00,0.00,0.01,13.17,0.13,0.00,13.17,25.00,76,13.22,13.15,CutOut,NotCharging,Normal,On,Normal,0.00,0.00,0.01,0.01,0.00,0.20,0.63,1.90,2017/2/14  1:47:0
76,0.00,0.03,0.00,0.00,13.17,0.00,0.00,13.17,25.00,76,13.22,13.15,CutOut,NotCharging,Normal,On,Normal,0.00,0.00,0.01,0.01,0.00,0.20,0.63,1.90,2017/2/14  1:58:0
77,0.00,0.02,0.00,0.00,13.17,0.00,0.00,13.17,25.00,76,13.22,13.15,CutOut,NotCharging,Normal,On,Normal,0.00,0.00,0.01,0.01,0.00,0.20,0.63,1.90,2017/2/14  2:9:0
78,0.00,0.01,0.00,0.01,13.17,0.13,0.00,13.17,25.00,76,13.22,13.15,CutOut,NotCharging,Normal,On,Normal,0.00,0.00,0.01,0.01,0.00,0.20,0.63,1.90,2017/2/14  2:20:0
79,0.00,0.00,0.00,0.01,13.16,0.13,0.00,13.16,25.00,76,13.22,13.14,CutOut,NotCharging,Normal,On,Normal,0.00,0.00,0.01,0.01,0.00,0.20,0.63,1.90,2017/2/14  2:31:0
80,0.00,0.05,0.00,0.00,13.16,0.00,0.00,13.16,25.00,76,13.22,13.14,CutOut,NotCharging,Normal,On,Normal,0.00,0.00,0.01,0.01,0.00,0.20,0.63,1.90,2017/2/14  2:42:0
81,0.00,0.00,0.00,0.00,13.16,0.00,0.00,13.16,25.00,76,13.22,13.14,CutOut,NotCharging,Normal,On,Normal,0.00,0.00,0.01,0.01,0.00,0.20,0.63,1.90,2017/2/14  2:53:0
82,0.00,0.00,0.00,0.00,13.16,0.00,0.00,13.16,25.00,76,13.22,13.14,CutOut,NotCharging,Normal,On,Normal,0.00,0.00,0.01,0.01,0.00,0.20,0.63,1.90,2017/2/14  3:4:0
83,0.00,0.00,0.00,0.00,13.16,0.00,0.00,13.16,25.00,76,13.22,13.14,CutOut,NotCharging,Normal,On,Normal,0.00,0.00,0.01,0.01,0.00,0.20,0.63,1.90,2017/2/14  3:15:0
84,0.00,0.05,0.00,0.01,13.16,0.13,0.00,13.16,25.00,75,13.22,13.14,CutOut,NotCharging,Normal,On,Normal,0.00,0.00,0.01,0.01,0.00,0.20,0.63,1.90,2017/2/14  3:27:0
85,0.00,0.01,0.00,0.01,13.15,0.13,0.00,13.15,25.00,75,13.22,13.14,CutOut,NotCharging,Normal,On,Normal,0.00,0.00,0.01,0.01,0.00,0.20,0.63,1.90,2017/2/14  3:38:0
86,0.00,0.05,0.00,0.00,13.15,0.00,0.00,13.15,25.00,76,13.22,13.14,CutOut,NotCharging,Normal,On,Normal,0.00,0.00,0.01,0.01,0.00,0.20,0.63,1.90,2017/2/14  3:49:0
87,0.00,0.04,0.00,0.01,13.16,0.13,0.00,13.16,25.00,75,13.22,13.14,CutOut,NotCharging,Normal,On,Normal,0.00,0.00,0.01,0.01,0.00,0.20,0.63,1.90,2017/2/14  4:0:0
88,0.00,0.00,0.00,0.01,13.15,0.13,0.00,13.15,25.00,75,13.22,13.14,CutOut,NotCharging,Normal,On,Normal,0.00,0.00,0.01,0.01,0.00,0.20,0.63,1.90,2017/2/14  4:11:0
89,0.00,0.08,0.00,0.02,13.15,0.26,0.00,13.15,25.00,75,13.22,13.13,CutOut,NotCharging,Normal,On,Normal,0.00,0.00,0.01,0.01,0.00,0.20,0.63,1.90,2017/2/14  4:22:0
90,0.00,0.14,0.00,0.00,13.15,0.00,0.00,13.15,25.00,75,13.22,13.13,CutOut,NotCharging,Normal,On,Normal,0.00,0.00,0.01,0.01,0.00,0.20,0.63,1.90,2017/2/14  4:33:0
91,0.00,1.77,0.00,0.01,13.15,0.13,0.00,13.15,25.00,75,13.22,13.13,CutOut,NotCharging,Normal,On,Normal,0.00,0.00,0.01,0.01,0.00,0.20,0.63,1.90,2017/2/14  4:44:0
92,0.00,3.98,0.00,0.01,13.15,0.13,0.00,13.15,25.00,75,13.22,13.13,CutOut,NotCharging,Normal,On,Normal,0.00,0.00,0.01,0.01,0.00,0.20,0.63,1.90,2017/2/14  4:55:0
93,0.00,11.02,0.00,0.01,13.15,0.13,0.00,13.15,25.00,75,13.22,13.13,CutOut,NotCharging,Normal,On,Normal,0.00,0.00,0.01,0.01,0.00,0.20,0.63,1.90,2017/2/14  5:6:0
94,0.00,14.03,0.00,0.00,13.13,0.00,0.00,13.13,25.00,75,13.29,13.06,Input,RaisingCharge,Normal,On,Normal,0.00,0.00,0.01,0.01,0.00,0.20,0.63,1.90,2017/2/14  5:17:0
95,0.03,14.03,0.52,0.01,13.15,0.13,0.04,13.15,25.00,75,13.29,13.06,Input,RaisingCharge,Normal,On,Normal,0.00,0.00,0.01,0.01,0.00,0.20,0.63,1.90,2017/2/14  5:28:0
96,0.06,14.11,0.92,0.01,13.20,0.13,0.07,13.20,25.00,77,13.29,13.06,Input,RaisingCharge,Normal,On,Normal,0.00,0.00,0.01,0.01,0.00,0.20,0.63,1.90,2017/2/14  5:39:0
97,0.11,14.47,1.72,0.01,13.27,0.13,0.13,13.27,25.00,80,13.29,13.06,Input,RaisingCharge,Normal,On,Normal,0.00,0.00,0.01,0.01,0.00,0.20,0.63,1.90,2017/2/14  5:50:0
98,0.22,14.44,3.21,0.00,13.41,0.00,0.24,13.41,25.00,85,13.44,13.06,Input,RaisingCharge,Normal,On,Normal,0.00,0.00,0.01,0.01,0.00,0.20,0.63,1.90,2017/2/14  6:1:0
99,0.68,18.25,12.57,0.02,14.79,0.29,0.85,14.79,25.00,100,14.94,13.06,Input,RaisingCharge,Normal,On,Normal,0.00,0.00,0.01,0.01,0.01,0.21,0.64,1.91,2017/2/14  6:12:0
100,0.33,20.75,7.00,0.00,14.29,0.00,0.49,14.29,25.00,100,14.94,13.06,Input,RaisingCharge,Normal,On,Normal,0.00,0.00,0.01,0.01,0.01,0.21,0.64,1.91,2017/2/14  6:23:0
101,0.27,21.50,5.89,0.01,14.38,0.14,0.41,14.38,25.00,100,14.94,13.06,Input,RaisingCharge,Normal,On,Normal,0.00,0.00,0.01,0.01,0.01,0.21,0.64,1.91,2017/2/14  6:34:0
102,0.26,20.97,5.46,0.01,14.38,0.14,0.38,14.38,25.00,100,14.94,13.06,Input,RaisingCharge,Normal,On,Normal,0.00,0.00,0.01,0.01,0.01,0.21,0.64,1.91,2017/2/14  6:45:0
103,0.23,21.48,5.02,0.00,14.37,0.00,0.35,14.37,25.00,100,14.94,13.06,Input,RaisingCharge,Normal,On,Normal,0.00,0.00,0.01,0.01,0.01,0.21,0.64,1.91,2017/2/14  6:56:0
104,0.23,20.55,4.89,0.00,14.39,0.00,0.34,14.39,25.00,100,14.94,13.06,Input,RaisingCharge,Normal,On,Normal,0.00,0.00,0.01,0.01,0.01,0.21,0.64,1.91,2017/2/14  7:7:0
105,0.21,20.88,4.45,0.01,14.37,0.14,0.31,14.37,25.00,100,14.94,13.06,Input,RaisingCharge,Normal,On,Normal,0.00,0.00,0.01,0.01,0.01,0.21,0.64,1.91,2017/2/14  7:18:0
106,0.21,21.17,4.46,0.00,14.41,0.00,0.31,14.41,25.00,100,14.94,13.06,Input,RaisingCharge,Normal,On,Normal,0.00,0.00,0.01,0.01,0.01,0.21,0.64,1.91,2017/2/14  7:29:0
107,0.19,21.69,4.33,0.00,14.44,0.00,0.30,14.44,25.00,100,14.94,13.06,Input,RaisingCharge,Normal,On,Normal,0.00,0.00,0.01,0.01,0.01,0.21,0.64,1.91,2017/2/14  7:40:0
108,0.18,22.14,4.16,0.00,14.37,0.00,0.29,14.37,25.00,100,14.94,13.06,Input,RaisingCharge,Normal,On,Normal,0.00,0.00,0.01,0.01,0.02,0.22,0.65,1.92,2017/2/14  7:51:0
109,0.20,21.65,4.33,0.00,14.46,0.00,0.30,14.46,25.00,100,14.94,13.06,Input,RaisingCharge,Normal,On,Normal,0.00,0.00,0.01,0.01,0.02,0.22,0.65,1.92,2017/2/14  8:2:0
110,0.14,22.51,3.33,0.00,13.88,0.00,0.24,13.88,25.00,100,14.94,13.06,Input,FloatCharge,Normal,On,Normal,0.00,0.00,0.01,0.01,0.02,0.22,0.65,1.92,2017/2/14  8:13:0
111,0.14,22.12,3.30,0.00,13.75,0.00,0.24,13.75,25.00,98,14.94,13.06,Input,FloatCharge,Normal,On,Normal,0.00,0.00,0.01,0.01,0.02,0.22,0.65,1.92,2017/2/14  8:24:0
112,0.13,22.02,3.03,0.00,13.80,0.00,0.22,13.80,25.00,99,14.94,13.06,Input,FloatCharge,Normal,On,Normal,0.00,0.00,0.01,0.01,0.02,0.22,0.65,1.92,2017/2/14  8:36:0
113,0.14,22.48,3.17,0.00,13.81,0.00,0.23,13.81,25.00,100,14.94,13.06,Input,FloatCharge,Normal,On,Normal,0.00,0.00,0.01,0.01,0.02,0.22,0.65,1.92,2017/2/14  8:47:0
114,0.12,22.47,2.90,0.00,13.82,0.00,0.21,13.82,25.00,100,14.94,13.06,Input,FloatCharge,Normal,On,Normal,0.00,0.00,0.01,0.01,0.02,0.22,0.65,1.92,2017/2/14  8:58:0
115,0.14,22.30,3.17,0.00,13.82,0.00,0.23,13.82,25.00,100,14.94,13.06,Input,FloatCharge,Normal,On,Normal,0.00,0.00,0.01,0.01,0.02,0.22,0.65,1.92,2017/2/14  9:9:0
116,0.13,22.28,3.03,0.00,13.81,0.00,0.22,13.81,25.00,100,14.94,13.06,Input,FloatCharge,Normal,On,Normal,0.00,0.00,0.01,0.01,0.02,0.22,0.65,1.92,2017/2/14  9:20:0
117,0.13,21.75,2.89,0.00,13.77,0.00,0.21,13.77,25.00,99,14.94,13.06,Input,FloatCharge,Normal,On,Normal,0.00,0.00,0.01,0.01,0.02,0.22,0.65,1.92,2017/2/14  9:31:0
118,0.12,22.22,2.75,0.00,13.79,0.00,0.20,13.79,25.00,98,14.94,13.06,Input,FloatCharge,Normal,On,Normal,0.00,0.00,0.01,0.01,0.02,0.22,0.65,1.92,2017/2/14  9:42:0
119,0.12,22.20,2.76,0.00,13.80,0.00,0.20,13.80,25.00,99,14.94,13.06,Input,FloatCharge,Normal,On,Normal,0.00,0.00,0.01,0.01,0.02,0.22,0.65,1.92,2017/2/14  9:53:0
120,0.13,21.92,2.89,0.01,13.79,0.13,0.21,13.79,25.00,99,14.94,13.06,Input,FloatCharge,Normal,On,Normal,0.00,0.00,0.01,0.01,0.02,0.22,0.65,1.92,2017/2/14  10:4:0
121,0.13,21.98,2.88,0.00,13.76,0.00,0.21,13.76,25.00,98,14.94,13.06,Input,FloatCharge,Normal,On,Normal,0.00,0.00,0.01,0.01,0.02,0.22,0.65,1.92,2017/2/14  10:15:0
122,0.13,22.24,2.89,0.00,13.80,0.00,0.21,13.80,25.00,99,14.94,13.06,Input,FloatCharge,Normal,On,Normal,0.00,0.00,0.01,0.01,0.02,0.22,0.65,1.92,2017/2/14  10:26:0
123,0.13,22.13,2.89,0.00,13.77,0.00,0.21,13.77,25.00,98,14.94,13.06,Input,FloatCharge,Normal,On,Normal,0.00,0.00,0.01,0.01,0.02,0.22,0.65,1.92,2017/2/14  10:37:0
124,0.13,22.19,3.03,0.00,13.78,0.00,0.22,13.78,25.00,99,14.94,13.06,Input,FloatCharge,Normal,On,Normal,0.00,0.00,0.01,0.01,0.03,0.23,0.66,1.93,2017/2/14  10:48:0
125,0.13,21.82,2.88,0.00,13.75,0.00,0.21,13.75,25.00,98,14.94,13.06,Input,FloatCharge,Normal,On,Normal,0.00,0.00,0.01,0.01,0.03,0.23,0.66,1.93,2017/2/14  10:59:0
126,0.12,22.02,2.75,0.00,13.79,0.00,0.20,13.79,25.00,99,14.94,13.06,Input,FloatCharge,Normal,On,Normal,0.00,0.00,0.01,0.01,0.03,0.23,0.66,1.93,2017/2/14  11:10:0
127,0.13,22.13,2.89,0.00,13.77,0.00,0.21,13.77,25.00,99,14.94,13.06,Input,FloatCharge,Normal,On,Normal,0.00,0.00,0.01,0.01,0.03,0.23,0.66,1.93,2017/2/14  11:21:0
128,0.12,21.97,2.76,0.00,13.80,0.00,0.20,13.80,25.00,98,14.94,13.06,Input,FloatCharge,Normal,On,Normal,0.00,0.00,0.01,0.01,0.03,0.23,0.66,1.93,2017/2/14  11:32:0
129,0.12,21.87,2.75,0.00,13.75,0.00,0.20,13.75,25.00,98,14.94,13.06,Input,FloatCharge,Normal,On,Normal,0.00,0.00,0.01,0.01,0.03,0.23,0.66,1.93,2017/2/14  11:43:0
130,0.13,21.67,3.02,0.00,13.77,0.00,0.22,13.77,25.00,98,14.94,13.06,Input,FloatCharge,Normal,On,Normal,0.00,0.00,0.01,0.01,0.03,0.23,0.66,1.93,2017/2/14  11:54:0
131,0.11,21.81,2.61,0.00,13.77,0.00,0.19,13.77,25.00,98,13.8,13.73,Input,FloatCharge,Normal,On,Normal,0.00,0.00,0.01,0.01,0.00,0.00,0.66,1.93,2017/2/15  0:5:0
132,0.12,21.85,2.75,0.00,13.78,0.00,0.20,13.78,25.00,98,13.81,13.73,Input,FloatCharge,Normal,On,Normal,0.00,0.00,0.01,0.01,0.00,0.00,0.66,1.93,2017/2/15  0:16:0
133,1.59,19.32,30.76,0.01,13.86,0.13,2.22,13.86,25.00,100,14.02,13.07,Input,FloatCharge,Normal,On,Normal,0.00,0.00,0.01,0.01,0.00,0.00,0.66,1.93,2017/2/15  0:27:0
134,1.34,19.59,26.33,0.00,13.79,0.00,1.91,13.79,25.00,99,14.02,13.07,Input,FloatCharge,Normal,On,Normal,0.00,0.00,0.01,0.01,0.00,0.00,0.66,1.93,2017/2/15  0:38:0
135,3.04,15.49,47.12,0.02,12.84,0.25,3.67,12.84,25.00,64,14.15,12.47,Input,RaisingCharge,Normal,On,Normal,0.00,0.00,0.01,0.01,0.01,0.01,0.67,1.94,2017/2/15  0:49:0
136,3.23,14.87,48.16,0.02,12.81,0.25,3.76,12.81,25.00,60,14.15,12.47,Input,RaisingCharge,Normal,On,Normal,0.00,0.00,0.01,0.01,0.02,0.02,0.68,1.95,2017/2/15  1:0:0
137,3.06,15.06,46.19,0.02,12.76,0.25,3.62,12.76,25.00,59,14.15,12.47,Input,RaisingCharge,Normal,On,Normal,0.00,0.00,0.01,0.01,0.03,0.03,0.69,1.96,2017/2/15  1:11:0
138,0.92,14.68,13.62,0.00,12.50,0.00,1.09,12.50,25.00,53,14.15,12.3,Input,RaisingCharge,Normal,On,Normal,0.00,0.00,0.01,0.01,0.04,0.04,0.70,1.97,2017/2/15  1:22:0
139,2.32,16.41,38.20,0.02,12.61,0.25,3.03,12.61,25.00,56,14.15,12.23,Input,RaisingCharge,Normal,On,Normal,0.00,0.00,0.01,0.01,0.04,0.04,0.70,1.97,2017/2/15  1:33:0
140,2.20,16.52,36.50,0.01,12.50,0.12,2.92,12.50,25.00,52,14.15,12.23,Input,RaisingCharge,Normal,On,Normal,0.00,0.00,0.01,0.01,0.05,0.05,0.71,1.98,2017/2/15  1:44:0
141,1.82,17.59,32.12,0.00,12.45,0.00,2.58,12.45,25.00,50,14.15,12.17,Input,RaisingCharge,Normal,On,Normal,0.00,0.00,0.01,0.01,0.06,0.06,0.72,1.99,2017/2/15  1:56:0
142,2.08,15.43,32.18,0.00,12.33,0.00,2.61,12.33,25.00,46,14.15,12.01,Input,RaisingCharge,Normal,On,Normal,0.00,0.00,0.01,0.01,0.06,0.06,0.72,1.99,2017/2/15  2:7:0
143,1.89,16.70,31.70,0.01,12.29,0.12,2.58,12.29,25.00,42,14.15,11.98,Input,RaisingCharge,Normal,On,Normal,0.00,0.00,0.01,0.01,0.07,0.07,0.73,2.00,2017/2/15  2:18:0
144,1.46,17.09,25.07,0.00,12.17,0.00,2.06,12.17,25.00,39,14.15,11.96,Input,RaisingCharge,Normal,On,Normal,0.00,0.00,0.01,0.01,0.07,0.07,0.73,2.00,2017/2/15  2:29:0
145,1.40,17.53,24.69,0.00,11.99,0.00,2.06,11.99,25.00,35,14.15,11.75,Input,RaisingCharge,Normal,On,Normal,0.00,0.00,0.01,0.01,0.08,0.08,0.74,2.01,2017/2/15  2:40:0
146,0.26,12.46,3.25,0.00,11.64,0.00,0.28,11.64,25.00,17,14.15,11.44,Input,RaisingCharge,Undervoltage,On,Normal,0.00,0.00,0.01,0.01,0.08,0.08,0.74,2.01,2017/2/15  2:51:0
147,1.06,12.42,13.25,0.00,11.63,0.00,1.14,11.63,25.00,22,14.15,11.34,Input,RaisingCharge,Undervoltage,On,Normal,0.00,0.00,0.01,0.01,0.08,0.08,0.74,2.01,2017/2/15  3:2:0
148,0.39,12.56,4.91,0.00,11.43,0.00,0.43,11.43,25.00,10,14.15,11.13,Input,RaisingCharge,Undervoltage,On,Normal,0.00,0.00,0.01,0.01,0.08,0.08,0.74,2.01,2017/2/15  3:13:0
149,0.22,12.66,2.79,0.00,0.00,0.00,0.24,11.65,25.00,20,14.15,10.24,Input,RaisingCharge,Overdischarge,Off,Normal,0.00,0.00,0.01,0.01,0.08,0.08,0.74,2.01,2017/2/15  3:24:0
150,0.16,12.71,2.15,0.00,0.00,0.00,0.18,11.95,25.00,31,14.15,10.24,Input,RaisingCharge,Overdischarge,Off,Normal,0.00,0.00,0.01,0.01,0.08,0.08,0.74,2.01,2017/2/15  3:35:0
151,0.13,12.63,1.65,0.00,0.00,0.00,0.14,11.85,25.00,27,14.15,10.24,Input,RaisingCharge,Overdischarge,Off,Normal,0.00,0.00,0.01,0.01,0.08,0.08,0.74,2.01,2017/2/15  3:46:0
152,0.11,12.65,1.42,0.00,0.00,0.00,0.12,11.84,25.00,27,14.15,10.24,Input,RaisingCharge,Overdischarge,Off,Normal,0.00,0.00,0.01,0.01,0.09,0.09,0.75,2.02,2017/2/15  3:57:0
153,0.09,12.78,1.20,0.00,0.00,0.00,0.10,12.03,25.00,34,14.15,10.24,Input,RaisingCharge,Overdischarge,Off,Normal,0.00,0.00,0.01,0.01,0.09,0.09,0.75,2.02,2017/2/15  4:8:0
154,0.05,12.83,0.72,0.00,0.00,0.00,0.06,12.05,25.00,35,14.15,10.24,Input,RaisingCharge,Overdischarge,Off,Normal,0.00,0.00,0.01,0.01,0.09,0.09,0.75,2.02,2017/2/15  4:19:0
155,0.02,12.87,0.36,0.00,0.00,0.00,0.03,12.06,25.00,35,14.15,10.24,Input,RaisingCharge,Overdischarge,Off,Normal,0.00,0.00,0.01,0.01,0.09,0.09,0.75,2.02,2017/2/15  4:30:0
156,0.00,12.86,0.00,0.00,0.00,0.00,0.00,12.05,25.00,35,14.15,10.24,Input,RaisingCharge,Overdischarge,Off,Normal,0.00,0.00,0.01,0.01,0.09,0.09,0.75,2.02,2017/2/15  4:41:0
157,0.00,7.74,0.00,0.00,0.00,0.00,0.00,12.03,25.00,34,14.15,10.24,CutOut,NotCharging,Overdischarge,Off,Normal,0.00,0.00,0.01,0.01,0.09,0.09,0.75,2.02,2017/2/15  4:52:0
158,0.00,3.06,0.00,0.00,0.00,0.00,0.00,12.03,25.00,34,14.15,10.24,CutOut,NotCharging,Overdischarge,Off,Normal,0.00,0.00,0.01,0.01,0.09,0.09,0.75,2.02,2017/2/15  5:3:0
159,0.00,0.77,0.00,0.00,0.00,0.00,0.00,12.03,25.00,34,14.15,10.24,CutOut,NotCharging,Overdischarge,Off,Normal,0.00,0.00,0.01,0.01,0.09,0.09,0.75,2.02,2017/2/15  5:14:0
160,0.00,0.00,0.00,0.00,0.00,0.00,0.00,12.04,25.00,34,14.15,10.24,CutOut,NotCharging,Overdischarge,Off,Normal,0.00,0.00,0.01,0.01,0.09,0.09,0.75,2.02,2017/2/15  5:25:0
161,0.00,0.01,0.00,0.00,0.00,0.00,0.00,12.04,25.00,34,14.15,10.24,CutOut,NotCharging,Overdischarge,Off,Normal,0.00,0.00,0.01,0.01,0.09,0.09,0.75,2.02,2017/2/15  5:36:0
162,0.00,0.00,0.00,0.00,0.00,0.00,0.00,12.04,25.00,34,14.15,10.24,CutOut,NotCharging,Overdischarge,Off,Normal,0.00,0.00,0.01,0.01,0.09,0.09,0.75,2.02,2017/2/15  5:47:0
163,0.00,0.03,0.00,0.00,0.00,0.00,0.00,12.04,25.00,34,14.15,10.24,CutOut,NotCharging,Overdischarge,Off,Normal,0.00,0.00,0.01,0.01,0.09,0.09,0.75,2.02,2017/2/15  5:58:0
164,0.00,0.06,0.00,0.00,0.00,0.00,0.00,12.04,25.00,34,14.15,10.24,CutOut,NotCharging,Overdischarge,Off,Normal,0.00,0.00,0.01,0.01,0.09,0.09,0.75,2.02,2017/2/15  6:9:0
165,0.00,0.09,0.00,0.00,0.00,0.00,0.00,12.04,25.00,34,14.15,10.24,CutOut,NotCharging,Overdischarge,Off,Normal,0.00,0.00,0.01,0.01,0.09,0.09,0.75,2.02,2017/2/15  6:20:0
166,0.00,0.00,0.00,0.00,0.00,0.00,0.00,12.04,25.00,34,14.15,10.24,CutOut,NotCharging,Overdischarge,Off,Normal,0.00,0.00,0.01,0.01,0.09,0.09,0.75,2.02,2017/2/15  6:31:0
167,0.00,0.00,0.00,0.00,0.00,0.00,0.00,12.04,25.00,34,14.15,10.24,CutOut,NotCharging,Overdischarge,Off,Normal,0.00,0.00,0.01,0.01,0.09,0.09,0.75,2.02,2017/2/15  6:42:0
168,0.00,0.00,0.00,0.00,0.00,0.00,0.00,12.04,25.00,35,14.15,10.24,CutOut,NotCharging,Overdischarge,Off,Normal,0.00,0.00,0.01,0.01,0.09,0.09,0.75,2.02,2017/2/15  6:53:0
169,0.00,0.12,0.00,0.00,0.00,0.00,0.00,12.04,25.00,34,14.15,10.24,CutOut,NotCharging,Overdischarge,Off,Normal,0.00,0.00,0.01,0.01,0.09,0.09,0.75,2.02,2017/2/15  7:5:0
170,0.00,0.00,0.00,0.00,0.00,0.00,0.00,12.05,25.00,34,14.15,10.24,CutOut,NotCharging,Overdischarge,Off,Normal,0.00,0.00,0.01,0.01,0.09,0.09,0.75,2.02,2017/2/15  7:16:0
171,0.00,0.16,0.00,0.00,0.00,0.00,0.00,12.05,25.00,35,14.15,10.24,CutOut,NotCharging,Overdischarge,Off,Normal,0.00,0.00,0.01,0.01,0.09,0.09,0.75,2.02,2017/2/15  7:27:0
172,0.00,0.15,0.00,0.00,0.00,0.00,0.00,12.04,25.00,35,14.15,10.24,CutOut,NotCharging,Overdischarge,Off,Normal,0.00,0.00,0.01,0.01,0.09,0.09,0.75,2.02,2017/2/15  7:38:0
173,0.00,0.18,0.00,0.00,0.00,0.00,0.00,12.05,25.00,35,14.15,10.24,CutOut,NotCharging,Overdischarge,Off,Normal,0.00,0.00,0.01,0.01,0.09,0.09,0.75,2.02,2017/2/15  7:49:0
174,0.00,0.00,0.00,0.00,0.00,0.00,0.00,12.05,25.00,34,14.15,10.24,CutOut,NotCharging,Overdischarge,Off,Normal,0.00,0.00,0.01,0.01,0.09,0.09,0.75,2.02,2017/2/15  8:0:0
175,0.00,0.04,0.00,0.00,0.00,0.00,0.00,12.04,25.00,35,14.15,10.24,CutOut,NotCharging,Overdischarge,Off,Normal,0.00,0.00,0.01,0.01,0.09,0.09,0.75,2.02,2017/2/15  8:11:0
176,0.00,0.08,0.00,0.00,0.00,0.00,0.00,12.04,25.00,34,14.15,10.24,CutOut,NotCharging,Overdischarge,Off,Normal,0.00,0.00,0.01,0.01,0.09,0.09,0.75,2.02,2017/2/15  8:22:0
177,0.00,0.00,0.00,0.00,0.00,0.00,0.00,12.04,25.00,34,14.15,10.24,CutOut,NotCharging,Overdischarge,Off,Normal,0.00,0.00,0.01,0.01,0.09,0.09,0.75,2.02,2017/2/15  8:33:0
178,0.00,0.00,0.00,0.00,0.00,0.00,0.00,12.05,25.00,35,14.15,10.24,CutOut,NotCharging,Overdischarge,Off,Normal,0.00,0.00,0.01,0.01,0.09,0.09,0.75,2.02,2017/2/15  8:44:0
179,0.00,0.19,0.00,0.00,0.00,0.00,0.00,12.04,25.00,34,14.15,10.24,CutOut,NotCharging,Overdischarge,Off,Normal,0.00,0.00,0.01,0.01,0.09,0.09,0.75,2.02,2017/2/15  8:55:0
180,0.00,0.03,0.00,0.00,0.00,0.00,0.00,12.04,25.00,35,14.15,10.24,CutOut,NotCharging,Overdischarge,Off,Normal,0.00,0.00,0.01,0.01,0.09,0.09,0.75,2.02,2017/2/15  9:6:0
181,0.00,0.00,0.00,0.00,0.00,0.00,0.00,12.05,25.00,34,14.15,10.24,CutOut,NotCharging,Overdischarge,Off,Normal,0.00,0.00,0.01,0.01,0.09,0.09,0.75,2.02,2017/2/15  9:17:0
182,0.00,0.05,0.00,0.00,0.00,0.00,0.00,12.04,25.00,34,14.15,10.24,CutOut,NotCharging,Overdischarge,Off,Normal,0.00,0.00,0.01,0.01,0.09,0.09,0.75,2.02,2017/2/15  9:28:0
183,0.00,0.00,0.00,0.00,0.00,0.00,0.00,12.05,25.00,34,14.15,10.24,CutOut,NotCharging,Overdischarge,Off,Normal,0.00,0.00,0.01,0.01,0.09,0.09,0.75,2.02,2017/2/15  9:39:0
184,0.00,0.00,0.00,0.00,0.00,0.00,0.00,12.04,25.00,34,14.15,10.24,CutOut,NotCharging,Overdischarge,Off,Normal,0.00,0.00,0.01,0.01,0.09,0.09,0.75,2.02,2017/2/15  9:50:0
185,0.00,0.09,0.00,0.00,0.00,0.00,0.00,12.05,25.00,34,14.15,10.24,CutOut,NotCharging,Overdischarge,Off,Normal,0.00,0.00,0.01,0.01,0.09,0.09,0.75,2.02,2017/2/15  10:1:0
186,0.00,0.00,0.00,0.00,0.00,0.00,0.00,12.04,25.00,34,14.15,10.24,CutOut,NotCharging,Overdischarge,Off,Normal,0.00,0.00,0.01,0.01,0.09,0.09,0.75,2.02,2017/2/15  10:12:0
187,0.00,0.07,0.00,0.00,0.00,0.00,0.00,12.04,25.00,34,14.15,10.24,CutOut,NotCharging,Overdischarge,Off,Normal,0.00,0.00,0.01,0.01,0.09,0.09,0.75,2.02,2017/2/15  10:23:0
188,0.00,0.00,0.00,0.00,0.00,0.00,0.00,12.04,25.00,34,14.15,10.24,CutOut,NotCharging,Overdischarge,Off,Normal,0.00,0.00,0.01,0.01,0.09,0.09,0.75,2.02,2017/2/15  10:34:0
189,0.00,0.00,0.00,0.00,0.00,0.00,0.00,12.03,25.00,34,14.15,10.24,CutOut,NotCharging,Overdischarge,Off,Normal,0.00,0.00,0.01,0.01,0.09,0.09,0.75,2.02,2017/2/15  10:45:0
190,0.00,0.00,0.00,0.00,0.00,0.00,0.00,12.04,25.00,34,14.15,10.24,CutOut,NotCharging,Overdischarge,Off,Normal,0.00,0.00,0.01,0.01,0.09,0.09,0.75,2.02,2017/2/15  10:56:0
191,0.00,0.00,0.00,0.00,0.00,0.00,0.00,12.03,25.00,34,14.15,10.24,CutOut,NotCharging,Overdischarge,Off,Normal,0.00,0.00,0.01,0.01,0.09,0.09,0.75,2.02,2017/2/15  11:7:0
192,0.00,0.00,0.00,0.00,0.00,0.00,0.00,12.04,25.00,34,14.15,10.24,CutOut,NotCharging,Overdischarge,Off,Normal,0.00,0.00,0.01,0.01,0.09,0.09,0.75,2.02,2017/2/15  11:18:0
193,0.00,0.00,0.00,0.00,0.00,0.00,0.00,12.04,25.00,34,14.15,10.24,CutOut,NotCharging,Overdischarge,Off,Normal,0.00,0.00,0.01,0.01,0.09,0.09,0.75,2.02,2017/2/15  11:29:0
194,0.00,0.00,0.00,0.00,0.00,0.00,0.00,12.04,25.00,34,14.15,10.24,CutOut,NotCharging,Overdischarge,Off,Normal,0.00,0.00,0.01,0.01,0.09,0.09,0.75,2.02,2017/2/15  11:40:0
195,0.00,0.00,0.00,0.00,0.00,0.00,0.00,12.03,25.00,34,14.15,10.24,CutOut,NotCharging,Overdischarge,Off,Normal,0.00,0.00,0.01,0.01,0.09,0.09,0.75,2.02,2017/2/15  11:51:0
196,0.00,0.00,0.00,0.00,0.00,0.00,0.00,12.03,25.00,34,14.15,10.24,CutOut,NotCharging,Overdischarge,Off,Normal,0.00,0.00,0.01,0.01,0.09,0.09,0.75,2.02,2017/2/15  12:2:0
197,0.00,0.00,0.00,0.00,0.00,0.00,0.00,12.03,25.00,34,14.15,10.24,CutOut,NotCharging,Overdischarge,Off,Normal,0.00,0.00,0.01,0.01,0.09,0.09,0.75,2.02,2017/2/15  12:13:0
198,0.00,0.00,0.00,0.00,0.00,0.00,0.00,12.03,25.00,34,14.15,10.24,CutOut,NotCharging,Overdischarge,Off,Normal,0.00,0.00,0.01,0.01,0.09,0.09,0.75,2.02,2017/2/15  12:25:0
199,0.00,0.00,0.00,0.00,0.00,0.00,0.00,12.03,25.00,34,14.15,10.24,CutOut,NotCharging,Overdischarge,Off,Normal,0.00,0.00,0.01,0.01,0.09,0.09,0.75,2.02,2017/2/15  12:36:0
200,0.00,0.00,0.00,0.00,0.00,0.00,0.00,12.04,25.00,34,14.15,10.24,CutOut,NotCharging,Overdischarge,Off,Normal,0.00,0.00,0.01,0.01,0.09,0.09,0.75,2.02,2017/2/15  12:47:0
201,0.00,0.00,0.00,0.00,0.00,0.00,0.00,12.03,25.00,34,14.15,10.24,CutOut,NotCharging,Overdischarge,Off,Normal,0.00,0.00,0.01,0.01,0.09,0.09,0.75,2.02,2017/2/15  12:58:0
202,0.00,0.00,0.00,0.00,0.00,0.00,0.00,12.03,25.00,34,14.15,10.24,CutOut,NotCharging,Overdischarge,Off,Normal,0.00,0.00,0.01,0.01,0.09,0.09,0.75,2.02,2017/2/15  13:9:0
203,0.00,0.00,0.00,0.00,0.00,0.00,0.00,12.03,25.00,34,14.15,10.24,CutOut,NotCharging,Overdischarge,Off,Normal,0.00,0.00,0.01,0.01,0.09,0.09,0.75,2.02,2017/2/15  13:20:0
204,0.00,0.00,0.00,0.00,0.00,0.00,0.00,12.03,25.00,34,14.15,10.24,CutOut,NotCharging,Overdischarge,Off,Normal,0.00,0.00,0.01,0.01,0.09,0.09,0.75,2.02,2017/2/15  13:31:0
205,0.00,0.00,0.00,0.00,0.00,0.00,0.00,12.03,25.00,34,14.15,10.24,CutOut,NotCharging,Overdischarge,Off,Normal,0.00,0.00,0.01,0.01,0.09,0.09,0.75,2.02,2017/2/15  13:42:0
206,0.00,0.00,0.00,0.00,0.00,0.00,0.00,12.03,25.00,34,14.15,10.24,CutOut,NotCharging,Overdischarge,Off,Normal,0.00,0.00,0.01,0.01,0.09,0.09,0.75,2.02,2017/2/15  13:53:0
207,0.00,0.00,0.00,0.00,0.00,0.00,0.00,12.03,25.00,34,14.15,10.24,CutOut,NotCharging,Overdischarge,Off,Normal,0.00,0.00,0.01,0.01,0.09,0.09,0.75,2.02,2017/2/15  14:4:0
208,0.00,0.00,0.00,0.00,0.00,0.00,0.00,12.03,25.00,34,14.15,10.24,CutOut,NotCharging,Overdischarge,Off,Normal,0.00,0.00,0.01,0.01,0.09,0.09,0.75,2.02,2017/2/15  14:15:0
209,0.00,0.00,0.00,0.00,0.00,0.00,0.00,12.03,25.00,34,14.15,10.24,CutOut,NotCharging,Overdischarge,Off,Normal,0.00,0.00,0.01,0.01,0.09,0.09,0.75,2.02,2017/2/15  14:26:0
210,0.00,0.00,0.00,0.00,0.00,0.00,0.00,12.03,25.00,34,14.15,10.24,CutOut,NotCharging,Overdischarge,Off,Normal,0.00,0.00,0.01,0.01,0.09,0.09,0.75,2.02,2017/2/15  14:37:0
211,0.00,0.00,0.00,0.00,0.00,0.00,0.00,12.03,25.00,34,14.15,10.24,CutOut,NotCharging,Overdischarge,Off,Normal,0.00,0.00,0.01,0.01,0.09,0.09,0.75,2.02,2017/2/15  14:48:0
212,0.00,0.00,0.00,0.00,0.00,0.00,0.00,12.03,25.00,34,14.15,10.24,CutOut,NotCharging,Overdischarge,Off,Normal,0.00,0.00,0.01,0.01,0.09,0.09,0.75,2.02,2017/2/15  14:59:0
213,0.00,0.00,0.00,0.00,0.00,0.00,0.00,12.03,25.00,34,14.15,10.24,CutOut,NotCharging,Overdischarge,Off,Normal,0.00,0.00,0.01,0.01,0.09,0.09,0.75,2.02,2017/2/15  15:10:0
214,0.00,0.00,0.00,0.00,0.00,0.00,0.00,12.02,25.00,34,14.15,10.24,CutOut,NotCharging,Overdischarge,Off,Normal,0.00,0.00,0.01,0.01,0.09,0.09,0.75,2.02,2017/2/15  15:21:0
215,0.00,0.00,0.00,0.00,0.00,0.00,0.00,12.03,25.00,34,14.15,10.24,CutOut,NotCharging,Overdischarge,Off,Normal,0.00,0.00,0.01,0.01,0.09,0.09,0.75,2.02,2017/2/15  15:32:0
216,0.00,0.00,0.00,0.00,0.00,0.00,0.00,12.02,25.00,34,14.15,10.24,CutOut,NotCharging,Overdischarge,Off,Normal,0.00,0.00,0.01,0.01,0.09,0.09,0.75,2.02,2017/2/15  15:43:0
217,0.00,0.00,0.00,0.00,0.00,0.00,0.00,12.02,25.00,34,14.15,10.24,CutOut,NotCharging,Overdischarge,Off,Normal,0.00,0.00,0.01,0.01,0.09,0.09,0.75,2.02,2017/2/15  15:54:0
218,0.00,0.00,0.00,0.00,0.00,0.00,0.00,12.02,25.00,34,14.15,10.24,CutOut,NotCharging,Overdischarge,Off,Normal,0.00,0.00,0.01,0.01,0.09,0.09,0.75,2.02,2017/2/15  16:5:0
219,0.00,0.00,0.00,0.00,0.00,0.00,0.00,12.02,25.00,34,14.15,10.24,CutOut,NotCharging,Overdischarge,Off,Normal,0.00,0.00,0.01,0.01,0.09,0.09,0.75,2.02,2017/2/15  16:16:0
220,0.00,0.00,0.00,0.00,0.00,0.00,0.00,12.02,25.00,34,14.15,10.24,CutOut,NotCharging,Overdischarge,Off,Normal,0.00,0.00,0.01,0.01,0.09,0.09,0.75,2.02,2017/2/15  16:27:0
221,0.00,0.36,0.00,0.00,0.00,0.00,0.00,12.01,25.00,34,14.15,10.24,CutOut,NotCharging,Overdischarge,Off,Normal,0.00,0.00,0.01,0.01,0.09,0.09,0.75,2.02,2017/2/15  16:38:0
222,0.00,2.68,0.00,0.00,0.00,0.00,0.00,12.01,25.00,34,14.15,10.24,CutOut,NotCharging,Overdischarge,Off,Normal,0.00,0.00,0.01,0.01,0.09,0.09,0.75,2.02,2017/2/15  16:49:0
223,0.00,7.07,0.00,0.00,0.00,0.00,0.00,12.02,25.00,34,14.15,10.24,CutOut,NotCharging,Overdischarge,Off,Normal,0.00,0.00,0.01,0.01,0.09,0.09,0.75,2.02,2017/2/15  17:0:0
224,0.00,12.89,0.00,0.00,0.00,0.00,0.00,12.04,25.00,34,14.15,10.24,Input,RaisingCharge,Overdischarge,Off,Normal,0.00,0.00,0.01,0.01,0.09,0.09,0.75,2.02,2017/2/15  17:11:0
225,0.02,12.82,0.36,0.00,0.00,0.00,0.03,12.04,25.00,35,14.15,10.24,Input,RaisingCharge,Overdischarge,Off,Normal,0.00,0.00,0.01,0.01,0.09,0.09,0.75,2.02,2017/2/15  17:22:0
226,0.06,12.84,0.84,0.00,0.00,0.00,0.07,12.06,25.00,35,14.15,10.24,Input,RaisingCharge,Overdischarge,Off,Normal,0.00,0.00,0.01,0.01,0.09,0.09,0.75,2.02,2017/2/15  17:34:0
227,0.10,12.86,1.32,0.00,0.00,0.00,0.11,12.08,25.00,35,14.15,10.24,Input,RaisingCharge,Overdischarge,Off,Normal,0.00,0.00,0.01,0.01,0.09,0.09,0.75,2.02,2017/2/15  17:45:0
228,0.12,12.93,1.57,0.00,0.00,0.00,0.13,12.09,25.00,36,14.15,10.24,Input,RaisingCharge,Overdischarge,Off,Normal,0.00,0.00,0.01,0.01,0.09,0.09,0.75,2.02,2017/2/15  17:56:0
229,0.16,12.95,2.18,0.00,0.00,0.00,0.18,12.12,25.00,37,14.15,10.24,Input,RaisingCharge,Overdischarge,Off,Normal,0.00,0.00,0.01,0.01,0.09,0.09,0.75,2.02,2017/2/15  18:7:0
230,1.39,13.54,18.93,0.01,12.54,0.12,1.51,12.54,25.00,53,14.15,10.24,Input,RaisingCharge,Normal,On,Normal,0.00,0.00,0.01,0.01,0.09,0.09,0.75,2.02,2017/2/15  18:18:0
231,1.56,14.36,22.44,0.03,12.61,0.37,1.78,12.61,25.00,55,14.15,10.24,Input,RaisingCharge,Normal,On,Normal,0.00,0.00,0.01,0.01,0.09,0.09,0.75,2.02,2017/2/15  18:29:0
232,1.66,14.75,24.54,0.01,12.65,0.12,1.94,12.65,25.00,55,14.15,10.24,Input,RaisingCharge,Normal,On,Normal,0.00,0.00,0.01,0.01,0.10,0.10,0.76,2.03,2017/2/15  18:40:0
233,1.88,15.31,28.80,0.02,12.69,0.25,2.27,12.69,25.00,58,14.15,10.24,Input,RaisingCharge,Normal,On,Normal,0.00,0.00,0.01,0.01,0.10,0.10,0.76,2.03,2017/2/15  18:51:0
234,2.07,14.98,31.03,0.02,12.72,0.25,2.44,12.72,25.00,58,14.15,10.24,Input,RaisingCharge,Normal,On,Normal,0.00,0.00,0.01,0.01,0.11,0.11,0.77,2.04,2017/2/15  19:2:0
235,2.23,14.88,33.22,0.02,12.78,0.25,2.60,12.78,25.00,62,14.15,10.24,Input,RaisingCharge,Normal,On,Normal,0.00,0.00,0.01,0.01,0.12,0.12,0.78,2.05,2017/2/15  19:13:0
236,2.13,16.99,36.30,0.02,12.83,0.25,2.83,12.83,25.00,64,14.15,10.24,Input,RaisingCharge,Normal,On,Normal,0.00,0.00,0.01,0.01,0.13,0.13,0.79,2.06,2017/2/15  19:24:0
237,2.07,17.41,36.19,0.02,12.88,0.25,2.81,12.88,25.00,65,14.15,10.24,Input,RaisingCharge,Normal,On,Normal,0.00,0.00,0.01,0.01,0.13,0.13,0.79,2.06,2017/2/15  19:35:0
238,2.48,16.47,40.92,0.03,12.95,0.38,3.16,12.95,25.00,68,14.15,10.24,Input,RaisingCharge,Normal,On,Normal,0.00,0.00,0.01,0.01,0.14,0.14,0.80,2.07,2017/2/15  19:46:0
239,2.79,16.27,45.40,0.04,13.01,0.52,3.49,13.01,25.00,71,14.15,10.24,Input,RaisingCharge,Normal,On,Normal,0.00,0.00,0.01,0.01,0.15,0.15,0.81,2.08,2017/2/15  19:57:0
240,2.83,16.43,46.65,0.02,13.07,0.26,3.57,13.07,25.00,72,14.15,10.24,Input,RaisingCharge,Normal,On,Normal,0.00,0.00,0.01,0.01,0.16,0.16,0.82,2.09,2017/2/15  20:8:0
241,2.98,15.98,47.72,0.03,13.11,0.39,3.64,13.11,25.00,74,14.15,10.24,Input,RaisingCharge,Normal,On,Normal,0.00,0.00,0.01,0.01,0.17,0.17,0.83,2.10,2017/2/15  20:19:0
242,2.99,16.12,48.26,0.03,13.15,0.39,3.67,13.15,25.00,76,14.15,10.24,Input,RaisingCharge,Normal,On,Normal,0.00,0.00,0.01,0.01,0.18,0.18,0.84,2.11,2017/2/15  20:30:0
243,3.16,15.96,50.46,0.03,13.21,0.39,3.82,13.21,25.00,78,14.15,10.24,Input,RaisingCharge,Normal,On,Normal,0.00,0.00,0.01,0.01,0.19,0.19,0.85,2.12,2017/2/15  20:41:0
244,3.34,15.48,51.84,0.03,13.26,0.39,3.91,13.26,25.00,80,14.15,10.24,Input,RaisingCharge,Normal,On,Normal,0.00,0.00,0.01,0.01,0.20,0.20,0.86,2.13,2017/2/15  20:52:0
245,3.50,15.18,53.28,0.02,13.32,0.26,4.00,13.32,25.00,82,14.15,10.24,Input,RaisingCharge,Normal,On,Normal,0.00,0.00,0.01,0.01,0.21,0.21,0.87,2.14,2017/2/15  21:3:0
246,3.55,15.12,53.70,0.02,13.36,0.26,4.02,13.36,25.00,83,14.15,10.24,Input,RaisingCharge,Normal,On,Normal,0.00,0.00,0.01,0.01,0.22,0.22,0.88,2.15,2017/2/15  21:14:0
247,3.64,15.10,55.02,0.02,13.42,0.26,4.10,13.42,25.00,85,14.15,10.24,Input,RaisingCharge,Normal,On,Normal,0.00,0.00,0.01,0.01,0.23,0.23,0.89,2.16,2017/2/15  21:25:0
248,3.55,15.20,54.06,0.02,13.45,0.26,4.02,13.45,25.00,87,14.15,10.24,Input,RaisingCharge,Normal,On,Normal,0.00,0.00,0.01,0.01,0.24,0.24,0.90,2.17,2017/2/15  21:36:0
249,3.50,15.26,53.51,0.04,13.48,0.53,3.97,13.48,25.00,88,14.15,10.24,Input,RaisingCharge,Normal,On,Normal,0.00,0.00,0.01,0.01,0.25,0.25,0.91,2.18,2017/2/15  21:47:0
250,3.46,14.75,51.10,0.02,13.52,0.27,3.78,13.52,25.00,89,14.15,10.24,Input,RaisingCharge,Normal,On,Normal,0.00,0.00,0.01,0.01,0.26,0.26,0.92,2.19,2017/2/15  21:58:0
251,3.55,14.90,53.01,0.02,13.56,0.27,3.91,13.56,25.00,91,14.15,10.24,Input,RaisingCharge,Normal,On,Normal,0.00,0.00,0.01,0.01,0.28,0.28,0.94,2.21,2017/2/15  22:9:0
252,3.84,14.82,57.01,0.02,13.64,0.27,4.18,13.64,25.00,94,14.15,10.24,Input,RaisingCharge,Normal,On,Normal,0.00,0.00,0.01,0.01,0.29,0.29,0.95,2.22,2017/2/15  22:20:0
253,3.25,14.83,48.31,0.01,13.61,0.13,3.55,13.61,25.00,92,14.15,10.24,Input,RaisingCharge,Normal,On,Normal,0.00,0.00,0.01,0.01,0.30,0.30,0.96,2.23,2017/2/15  22:31:0
254,2.72,14.77,40.22,0.01,13.59,0.13,2.96,13.59,25.00,92,14.15,10.24,Input,RaisingCharge,Normal,On,Normal,0.00,0.00,0.01,0.01,0.31,0.31,0.97,2.24,2017/2/15  22:43:0
255,3.33,15.32,51.03,0.02,13.72,0.27,3.72,13.72,25.00,97,14.15,10.24,Input,RaisingCharge,Normal,On,Normal,0.00,0.00,0.01,0.01,0.32,0.32,0.98,2.25,2017/2/15  22:54:0
256,3.43,15.21,52.22,0.01,13.78,0.13,3.79,13.78,25.00,98,14.15,10.24,Input,RaisingCharge,Normal,On,Normal,0.00,0.00,0.01,0.01,0.33,0.33,0.99,2.26,2017/2/15  23:5:0
257,3.90,14.90,58.19,0.02,13.89,0.27,4.19,13.89,25.00,100,14.15,10.24,Input,RaisingCharge,Normal,On,Normal,0.00,0.00,0.01,0.01,0.34,0.34,1.00,2.27,2017/2/15  23:16:0
258,4.01,15.55,62.49,0.02,13.98,0.27,4.47,13.98,25.00,100,14.15,10.24,Input,RaisingCharge,Normal,On,Normal,0.00,0.00,0.01,0.01,0.35,0.35,1.01,2.28,2017/2/15  23:27:0
259,3.78,14.82,56.05,0.02,13.91,0.27,4.03,13.91,25.00,100,14.15,10.24,Input,RaisingCharge,Normal,On,Normal,0.00,0.00,0.01,0.01,0.36,0.36,1.02,2.29,2017/2/15  23:38:0
260,3.84,15.00,57.62,0.02,14.02,0.28,4.11,14.02,25.00,100,14.15,10.24,Input,RaisingCharge,Normal,On,Normal,0.00,0.00,0.01,0.01,0.37,0.37,1.03,2.30,2017/2/15  23:49:0
261,0.00,20.34,0.00,0.00,13.40,0.00,0.00,13.40,25.00,84,13.59,13.32,Input,RaisingCharge,Normal,On,Normal,0.00,0.00,0.01,0.01,0.00,0.38,1.04,2.31,2017/2/16  0:0:0
262,0.47,18.71,8.97,0.00,13.40,0.00,0.67,13.40,25.00,85,14.23,13.26,Input,RaisingCharge,Normal,On,Normal,0.00,0.00,0.01,0.01,0.00,0.38,1.04,2.31,2017/2/16  0:11:0
263,3.34,15.44,51.71,0.02,14.09,0.28,3.67,14.09,25.00,100,14.25,13.26,Input,RaisingCharge,Normal,On,Normal,0.00,0.00,0.01,0.01,0.01,0.39,1.05,2.32,2017/2/16  0:22:0
264,3.19,15.37,49.17,0.01,14.13,0.14,3.48,14.13,25.00,100,14.26,13.26,Input,RaisingCharge,Normal,On,Normal,0.00,0.00,0.01,0.01,0.02,0.40,1.06,2.33,2017/2/16  0:33:0
265,2.83,15.30,43.42,0.00,14.10,0.00,3.08,14.10,25.00,100,14.29,13.26,Input,RaisingCharge,Normal,On,Normal,0.00,0.00,0.01,0.01,0.03,0.41,1.07,2.34,2017/2/16  0:44:0
266,2.98,15.67,46.82,0.01,14.19,0.14,3.30,14.19,25.00,100,14.31,13.26,Input,RaisingCharge,Normal,On,Normal,0.00,0.00,0.01,0.01,0.04,0.42,1.08,2.35,2017/2/16  0:55:0
267,2.71,15.69,42.62,0.01,14.16,0.14,3.01,14.16,25.00,100,14.31,13.26,Input,RaisingCharge,Normal,On,Normal,0.00,0.00,0.01,0.01,0.05,0.43,1.09,2.36,2017/2/16  1:6:0
268,2.48,15.08,37.44,0.02,14.13,0.28,2.65,14.13,25.00,100,14.31,13.26,Input,RaisingCharge,Normal,On,Normal,0.00,0.00,0.01,0.01,0.06,0.44,1.10,2.37,2017/2/16  1:17:0
269,1.86,15.56,29.02,0.00,14.02,0.00,2.07,14.02,25.00,100,14.31,13.26,Input,RaisingCharge,Normal,On,Normal,0.00,0.00,0.01,0.01,0.06,0.44,1.10,2.37,2017/2/16  1:28:0
270,2.20,15.99,35.21,0.00,14.20,0.00,2.48,14.20,25.00,100,14.33,13.26,Input,RaisingCharge,Normal,On,Normal,0.00,0.00,0.01,0.01,0.07,0.45,1.11,2.38,2017/2/16  1:39:0
271,1.59,15.01,23.87,0.00,13.88,0.00,1.72,13.88,25.00,100,14.36,13.26,Input,RaisingCharge,Normal,On,Normal,0.00,0.00,0.01,0.01,0.07,0.45,1.11,2.38,2017/2/16  1:50:0
272,2.14,15.71,33.67,0.01,14.27,0.14,2.36,14.27,25.00,100,14.39,13.26,Input,RaisingCharge,Normal,On,Normal,0.00,0.00,0.01,0.01,0.08,0.46,1.12,2.39,2017/2/16  2:1:0
273,1.05,14.34,15.13,0.00,13.76,0.00,1.10,13.76,25.00,98,14.39,13.26,Input,RaisingCharge,Normal,On,Normal,0.00,0.00,0.01,0.01,0.08,0.46,1.12,2.39,2017/2/16  2:12:0
274,1.22,15.40,18.87,0.00,13.98,0.00,1.35,13.98,25.00,100,14.39,13.26,Input,RaisingCharge,Normal,On,Normal,0.00,0.00,0.01,0.01,0.09,0.47,1.13,2.40,2017/2/16  2:23:0
275,0.13,20.84,2.85,0.00,13.61,0.00,0.21,13.61,25.00,93,14.39,13.26,Input,RaisingCharge,Normal,On,Normal,0.00,0.00,0.01,0.01,0.09,0.47,1.13,2.40,2017/2/16  2:34:0
276,0.84,14.74,12.40,0.00,13.78,0.00,0.90,13.78,25.00,98,14.39,13.26,Input,RaisingCharge,Normal,On,Normal,0.00,0.00,0.01,0.01,0.09,0.47,1.13,2.40,2017/2/16  2:45:0
277,1.18,14.74,17.46,0.01,13.97,0.13,1.25,13.97,25.00,100,14.39,13.26,Input,RaisingCharge,Normal,On,Normal,0.00,0.00,0.01,0.01,0.10,0.48,1.14,2.41,2017/2/16  2:56:0
278,0.28,14.68,4.20,0.00,13.57,0.00,0.31,13.57,25.00,91,14.39,13.26,Input,RaisingCharge,Normal,On,Normal,0.00,0.00,0.01,0.01,0.10,0.48,1.14,2.41,2017/2/16  3:20:0
279,0.26,14.64,3.92,0.00,13.52,0.00,0.29,13.52,25.00,90,14.39,13.26,Input,RaisingCharge,Normal,On,Normal,0.00,0.00,0.01,0.01,0.10,0.48,1.14,2.41,2017/2/16  3:31:0
280,0.25,14.47,3.64,0.00,13.51,0.00,0.27,13.51,25.00,89,14.39,13.26,Input,RaisingCharge,Normal,On,Normal,0.00,0.00,0.01,0.01,0.10,0.48,1.14,2.41,2017/2/16  3:42:0
281,0.18,14.47,2.69,0.00,13.47,0.00,0.20,13.47,25.00,87,14.39,13.26,Input,RaisingCharge,Normal,On,Normal,0.00,0.00,0.01,0.01,0.10,0.48,1.14,2.41,2017/2/16  3:53:0
282,0.12,14.46,1.74,0.00,13.42,0.00,0.13,13.42,25.00,86,14.39,13.26,Input,RaisingCharge,Normal,On,Normal,0.00,0.00,0.01,0.01,0.11,0.49,1.15,2.42,2017/2/16  4:4:0
283,0.05,14.28,0.80,0.00,13.36,0.00,0.06,13.36,25.00,83,14.39,13.26,Input,RaisingCharge,Normal,On,Normal,0.00,0.00,0.01,0.01,0.11,0.49,1.15,2.42,2017/2/16  4:15:0
284,0.00,14.25,0.00,0.00,13.31,0.00,0.00,13.31,25.00,81,14.39,13.24,Input,RaisingCharge,Normal,On,Normal,0.00,0.00,0.01,0.01,0.11,0.49,1.15,2.42,2017/2/16  4:26:0
285,0.00,14.21,0.00,0.00,13.28,0.00,0.00,13.28,25.00,81,14.39,13.22,Input,RaisingCharge,Normal,On,Normal,0.00,0.00,0.01,0.01,0.11,0.49,1.15,2.42,2017/2/16  4:37:0
286,0.00,10.30,0.00,0.00,13.28,0.00,0.00,13.28,25.00,80,14.39,13.2,CutOut,NotCharging,Normal,On,Normal,0.00,0.00,0.01,0.01,0.11,0.49,1.15,2.42,2017/2/16  4:48:0
287,0.00,3.78,0.00,0.00,13.27,0.00,0.00,13.27,25.00,80,14.39,13.2,CutOut,NotCharging,Normal,On,Normal,0.00,0.00,0.01,0.01,0.11,0.49,1.15,2.42,2017/2/16  4:59:0
288,0.00,1.49,0.00,0.00,13.27,0.00,0.00,13.27,25.00,80,14.39,13.2,CutOut,NotCharging,Normal,On,Normal,0.00,0.00,0.01,0.01,0.11,0.49,1.15,2.42,2017/2/16  5:10:0
289,0.00,0.17,0.00,0.00,13.26,0.00,0.00,13.26,25.00,80,14.39,13.2,CutOut,NotCharging,Normal,On,Normal,0.00,0.00,0.01,0.01,0.11,0.49,1.15,2.42,2017/2/16  5:21:0
290,0.00,0.10,0.00,0.00,13.25,0.00,0.00,13.25,25.00,80,14.39,13.2,CutOut,NotCharging,Normal,On,Normal,0.00,0.00,0.01,0.01,0.11,0.49,1.15,2.42,2017/2/16  5:32:0
291,0.00,0.08,0.00,0.00,13.25,0.00,0.00,13.25,25.00,79,14.39,13.2,CutOut,NotCharging,Normal,On,Normal,0.00,0.00,0.01,0.01,0.11,0.49,1.15,2.42,2017/2/16  5:43:0
292,0.00,0.07,0.00,0.00,13.24,0.00,0.00,13.24,25.00,79,14.39,13.2,CutOut,NotCharging,Normal,On,Normal,0.00,0.00,0.01,0.01,0.11,0.49,1.15,2.42,2017/2/16  5:54:0
293,0.00,0.07,0.00,0.00,13.23,0.00,0.00,13.23,25.00,79,14.39,13.2,CutOut,NotCharging,Normal,On,Normal,0.00,0.00,0.01,0.01,0.11,0.49,1.15,2.42,2017/2/16  6:5:0
294,0.00,0.63,0.00,0.00,0.00,0.00,0.00,13.20,25.00,77,14.39,13.19,CutOut,NotCharging,Normal,Off,Normal,0.00,0.00,0.01,0.01,0.11,0.49,1.15,2.42,2017/2/16  6:16:0
295,0.00,0.00,0.00,0.00,0.00,0.00,0.00,13.21,25.00,78,13.22,13.2,CutOut,NotCharging,Normal,Off,Normal,0.00,0.00,0.01,0.01,0.00,0.00,1.15,2.42,2017/10/4  8:12:0
296,0.00,0.00,0.00,0.00,0.00,0.00,0.00,13.21,25.00,77,13.22,13.2,CutOut,NotCharging,Normal,Off,Normal,0.00,0.00,0.01,0.01,0.00,0.00,1.15,2.42,2017/10/4  8:23:0
297,0.00,0.03,0.00,0.00,0.00,0.00,0.00,13.20,25.00,78,13.22,13.19,CutOut,NotCharging,Normal,Off,Normal,0.00,0.00,0.01,0.01,0.00,0.00,1.15,2.42,2017/10/4  8:34:0
298,0.00,0.00,0.00,0.00,0.00,0.00,0.00,13.20,25.00,77,13.22,13.19,CutOut,NotCharging,Normal,Off,Normal,0.00,0.00,0.01,0.01,0.00,0.00,1.15,2.42,2017/10/4  8:45:0
299,0.00,0.11,0.00,0.00,0.00,0.00,0.00,13.20,25.00,77,13.22,13.19,CutOut,NotCharging,Normal,Off,Normal,0.00,0.00,0.01,0.01,0.00,0.00,1.15,2.42,2017/10/4  8:56:0
300,0.00,0.00,0.00,0.00,0.00,0.00,0.00,13.19,25.00,77,13.22,13.18,CutOut,NotCharging,Normal,Off,Normal,0.00,0.00,0.01,0.01,0.00,0.00,1.15,2.42,2017/10/4  9:7:0
301,0.00,0.00,0.00,0.00,0.00,0.00,0.00,13.20,25.00,77,13.22,13.18,CutOut,NotCharging,Normal,Off,Normal,0.00,0.00,0.01,0.01,0.00,0.00,1.15,2.42,2017/10/4  9:18:0
302,0.00,0.08,0.00,0.00,0.00,0.00,0.00,13.19,25.00,77,13.22,13.18,CutOut,NotCharging,Normal,Off,Normal,0.00,0.00,0.01,0.01,0.00,0.00,1.15,2.42,2017/10/4  9:29:0
303,0.00,0.18,0.00,0.00,0.00,0.00,0.00,13.18,25.00,77,13.22,13.18,CutOut,NotCharging,Normal,Off,Normal,0.00,0.00,0.01,0.01,0.00,0.00,1.15,2.42,2017/10/4  9:40:0
304,0.00,0.00,0.00,0.00,0.00,0.00,0.00,13.18,25.00,77,13.22,13.17,CutOut,NotCharging,Normal,Off,Normal,0.00,0.00,0.01,0.01,0.00,0.00,1.15,2.42,2017/10/4  9:51:0
305,0.00,0.18,0.00,0.00,0.00,0.00,0.00,13.18,25.00,77,13.22,13.17,CutOut,NotCharging,Normal,Off,Normal,0.00,0.00,0.01,0.01,0.00,0.00,1.15,2.42,2017/10/4  10:2:0
306,0.00,0.00,0.00,0.00,0.00,0.00,0.00,13.18,25.00,77,13.22,13.17,CutOut,NotCharging,Normal,Off,Normal,0.00,0.00,0.01,0.01,0.00,0.00,1.15,2.42,2017/10/4  10:13:0
307,0.00,0.00,0.00,0.00,0.00,0.00,0.00,13.17,25.00,77,13.22,13.16,CutOut,NotCharging,Normal,Off,Normal,0.00,0.00,0.01,0.01,0.00,0.00,1.15,2.42,2017/10/4  10:24:0
308,0.00,0.00,0.00,0.00,0.00,0.00,0.00,13.17,25.00,76,13.22,13.16,CutOut,NotCharging,Normal,Off,Normal,0.00,0.00,0.01,0.01,0.00,0.00,1.15,2.42,2017/10/4  10:35:0
309,0.00,0.00,0.00,0.00,0.00,0.00,0.00,13.17,25.00,76,13.22,13.16,CutOut,NotCharging,Normal,Off,Normal,0.00,0.00,0.01,0.01,0.00,0.00,1.15,2.42,2017/10/4  10:46:0
310,0.00,0.00,0.00,0.00,0.00,0.00,0.00,13.17,25.00,76,13.22,13.16,CutOut,NotCharging,Normal,Off,Normal,0.00,0.00,0.01,0.01,0.00,0.00,1.15,2.42,2017/10/4  10:57:0
311,0.00,0.08,0.00,0.00,0.00,0.00,0.00,13.17,25.00,76,13.22,13.16,CutOut,NotCharging,Normal,Off,Normal,0.00,0.00,0.01,0.01,0.00,0.00,1.15,2.42,2017/10/4  11:9:0
312,0.00,0.12,0.00,0.00,0.00,0.00,0.00,13.16,25.00,76,13.22,13.15,CutOut,NotCharging,Normal,Off,Normal,0.00,0.00,0.01,0.01,0.00,0.00,1.15,2.42,2017/10/4  11:20:0
313,0.00,0.08,0.00,0.00,0.00,0.00,0.00,13.16,25.00,76,13.22,13.15,CutOut,NotCharging,Normal,Off,Normal,0.00,0.00,0.01,0.01,0.00,0.00,1.15,2.42,2017/10/4  11:31:0
314,0.00,0.08,0.00,0.00,0.00,0.00,0.00,13.16,25.00,76,13.22,13.15,CutOut,NotCharging,Normal,Off,Normal,0.00,0.00,0.01,0.01,0.00,0.00,1.15,2.42,2017/10/4  11:42:0
315,0.00,0.01,0.00,0.00,0.00,0.00,0.00,13.15,25.00,76,13.22,13.15,CutOut,NotCharging,Normal,Off,Normal,0.00,0.00,0.01,0.01,0.00,0.00,1.15,2.42,2017/10/4  11:53:0
316,0.00,0.12,0.00,0.00,0.00,0.00,0.00,13.16,25.00,75,13.22,13.15,CutOut,NotCharging,Normal,Off,Normal,0.00,0.00,0.01,0.01,0.00,0.00,1.15,2.42,2017/10/4  12:4:0
317,0.00,0.00,0.00,0.00,0.00,0.00,0.00,13.15,25.00,75,13.22,13.14,CutOut,NotCharging,Normal,Off,Normal,0.00,0.00,0.01,0.01,0.00,0.00,1.15,2.42,2017/10/4  12:15:0
318,0.00,0.00,0.00,0.00,0.00,0.00,0.00,13.15,25.00,75,13.22,13.14,CutOut,NotCharging,Normal,Off,Normal,0.00,0.00,0.01,0.01,0.00,0.00,1.15,2.42,2017/10/4  12:26:0
319,0.00,0.00,0.00,0.00,0.00,0.00,0.00,13.15,25.00,75,13.22,13.14,CutOut,NotCharging,Normal,Off,Normal,0.00,0.00,0.01,0.01,0.00,0.00,1.15,2.42,2017/10/4  12:37:0
320,0.00,0.00,0.00,0.00,0.00,0.00,0.00,13.15,25.00,75,13.22,13.14,CutOut,NotCharging,Normal,Off,Normal,0.00,0.00,0.01,0.01,0.00,0.00,1.15,2.42,2017/10/4  12:48:0
321,0.00,0.01,0.00,0.00,0.00,0.00,0.00,13.15,25.00,75,13.22,13.14,CutOut,NotCharging,Normal,Off,Normal,0.00,0.00,0.01,0.01,0.00,0.00,1.15,2.42,2017/10/4  12:59:0
322,0.00,0.00,0.00,0.00,0.00,0.00,0.00,13.15,25.00,75,13.22,13.13,CutOut,NotCharging,Normal,Off,Normal,0.00,0.00,0.01,0.01,0.00,0.00,1.15,2.42,2017/10/4  13:10:0
323,0.00,0.00,0.00,0.00,0.00,0.00,0.00,13.14,25.00,75,13.22,13.13,CutOut,NotCharging,Normal,Off,Normal,0.00,0.00,0.01,0.01,0.00,0.00,1.15,2.42,2017/10/4  13:21:0
324,0.00,0.00,0.00,0.00,0.00,0.00,0.00,13.14,25.00,75,13.22,13.13,CutOut,NotCharging,Normal,Off,Normal,0.00,0.00,0.01,0.01,0.00,0.00,1.15,2.42,2017/10/4  13:32:0
325,0.00,0.00,0.00,0.00,0.00,0.00,0.00,13.13,25.00,75,13.22,13.13,CutOut,NotCharging,Normal,Off,Normal,0.00,0.00,0.01,0.01,0.00,0.00,1.15,2.42,2017/10/4  13:43:0
326,0.00,0.00,0.00,0.00,0.00,0.00,0.00,13.14,25.00,75,13.22,13.13,CutOut,NotCharging,Normal,Off,Normal,0.00,0.00,0.01,0.01,0.00,0.00,1.15,2.42,2017/10/4  13:54:0
327,0.00,0.01,0.00,0.00,0.00,0.00,0.00,13.13,25.00,75,13.22,13.13,CutOut,NotCharging,Normal,Off,Normal,0.00,0.00,0.01,0.01,0.00,0.00,1.15,2.42,2017/10/4  14:5:0
328,0.00,0.00,0.00,0.00,0.00,0.00,0.00,13.13,25.00,75,13.22,13.12,CutOut,NotCharging,Normal,Off,Normal,0.00,0.00,0.01,0.01,0.00,0.00,1.15,2.42,2017/10/4  14:16:0
329,0.00,0.00,0.00,0.00,0.00,0.00,0.00,13.13,25.00,75,13.22,13.12,CutOut,NotCharging,Normal,Off,Normal,0.00,0.00,0.01,0.01,0.00,0.00,1.15,2.42,2017/10/4  14:27:0
330,0.00,0.03,0.00,0.00,0.00,0.00,0.00,13.13,25.00,75,13.22,13.12,CutOut,NotCharging,Normal,Off,Normal,0.00,0.00,0.01,0.01,0.00,0.00,1.15,2.42,2017/10/4  14:38:0
331,0.00,0.00,0.00,0.00,0.00,0.00,0.00,13.13,25.00,75,13.22,13.12,CutOut,NotCharging,Normal,Off,Normal,0.00,0.00,0.01,0.01,0.00,0.00,1.15,2.42,2017/10/4  14:49:0
332,0.00,0.00,0.00,0.00,0.00,0.00,0.00,13.13,25.00,75,13.22,13.12,CutOut,NotCharging,Normal,Off,Normal,0.00,0.00,0.01,0.01,0.00,0.00,1.15,2.42,2017/10/4  15:0:0
333,0.00,0.00,0.00,0.00,0.00,0.00,0.00,13.13,25.00,75,13.22,13.12,CutOut,NotCharging,Normal,Off,Normal,0.00,0.00,0.01,0.01,0.00,0.00,1.15,2.42,2017/10/4  15:11:0
334,0.00,0.00,0.00,0.00,0.00,0.00,0.00,13.13,25.00,75,13.22,13.12,CutOut,NotCharging,Normal,Off,Normal,0.00,0.00,0.01,0.01,0.00,0.00,1.15,2.42,2017/10/4  15:22:0
335,0.00,0.00,0.00,0.00,0.00,0.00,0.00,13.12,25.00,75,13.22,13.11,CutOut,NotCharging,Normal,Off,Normal,0.00,0.00,0.01,0.01,0.00,0.00,1.15,2.42,2017/10/4  15:33:0
336,0.00,0.00,0.00,0.00,0.00,0.00,0.00,13.12,25.00,75,13.22,13.11,CutOut,NotCharging,Normal,Off,Normal,0.00,0.00,0.01,0.01,0.00,0.00,1.15,2.42,2017/10/4  15:44:0
337,0.00,0.00,0.00,0.00,0.00,0.00,0.00,13.12,25.00,74,13.22,13.11,CutOut,NotCharging,Normal,Off,Normal,0.00,0.00,0.01,0.01,0.00,0.00,1.15,2.42,2017/10/4  15:55:0
338,0.00,0.00,0.00,0.00,0.00,0.00,0.00,13.12,25.00,74,13.22,13.11,CutOut,NotCharging,Normal,Off,Normal,0.00,0.00,0.01,0.01,0.00,0.00,1.15,2.42,2017/10/4  16:6:0
339,0.00,0.00,0.00,0.00,0.00,0.00,0.00,13.12,25.00,74,13.22,13.11,CutOut,NotCharging,Normal,Off,Normal,0.00,0.00,0.01,0.01,0.00,0.00,1.15,2.42,2017/10/4  16:18:0
340,0.00,0.00,0.00,0.00,0.00,0.00,0.00,13.12,25.00,74,13.22,13.11,CutOut,NotCharging,Normal,Off,Normal,0.00,0.00,0.01,0.01,0.00,0.00,1.15,2.42,2017/10/4  16:29:0
341,0.00,0.00,0.00,0.00,0.00,0.00,0.00,13.11,25.00,74,13.22,13.1,CutOut,NotCharging,Normal,Off,Normal,0.00,0.00,0.01,0.01,0.00,0.00,1.15,2.42,2017/10/4  16:40:0
342,0.00,0.00,0.00,0.00,0.00,0.00,0.00,13.12,25.00,74,13.22,13.1,CutOut,NotCharging,Normal,Off,Normal,0.00,0.00,0.01,0.01,0.00,0.00,1.15,2.42,2017/10/4  16:51:0
343,0.00,0.00,0.00,0.00,0.00,0.00,0.00,13.11,25.00,74,13.22,13.1,CutOut,NotCharging,Normal,Off,Normal,0.00,0.00,0.01,0.01,0.00,0.00,1.15,2.42,2017/10/4  17:2:0
344,0.00,0.00,0.00,0.00,0.00,0.00,0.00,13.11,25.00,74,13.22,13.1,CutOut,NotCharging,Normal,Off,Normal,0.00,0.00,0.01,0.01,0.00,0.00,1.15,2.42,2017/10/4  17:13:0
345,0.00,0.00,0.00,0.00,0.00,0.00,0.00,13.12,25.00,74,13.22,13.1,CutOut,NotCharging,Normal,Off,Normal,0.00,0.00,0.01,0.01,0.00,0.00,1.15,2.42,2017/10/4  17:24:0
346,0.00,0.00,0.00,0.00,0.00,0.00,0.00,13.11,25.00,74,13.22,13.1,CutOut,NotCharging,Normal,Off,Normal,0.00,0.00,0.01,0.01,0.00,0.00,1.15,2.42,2017/10/4  17:35:0
347,0.00,0.00,0.00,0.00,0.00,0.00,0.00,13.11,25.00,74,13.22,13.1,CutOut,NotCharging,Normal,Off,Normal,0.00,0.00,0.01,0.01,0.00,0.00,1.15,2.42,2017/10/4  17:46:0
348,0.00,0.00,0.00,0.00,0.00,0.00,0.00,13.11,25.00,74,13.22,13.09,CutOut,NotCharging,Normal,Off,Normal,0.00,0.00,0.01,0.01,0.00,0.00,1.15,2.42,2017/10/4  17:57:0
349,0.00,0.00,0.00,0.00,0.00,0.00,0.00,13.10,25.00,74,13.22,13.09,CutOut,NotCharging,Normal,Off,Normal,0.00,0.00,0.01,0.01,0.00,0.00,1.15,2.42,2017/10/4  18:8:0
350,0.00,0.03,0.00,0.00,0.00,0.00,0.00,13.10,25.00,74,13.22,13.09,CutOut,NotCharging,Normal,Off,Normal,0.00,0.00,0.01,0.01,0.00,0.00,1.15,2.42,2017/10/4  18:19:0
351,0.00,2.00,0.00,0.00,0.00,0.00,0.00,13.10,25.00,74,13.22,13.09,CutOut,NotCharging,Normal,Off,Normal,0.00,0.00,0.01,0.01,0.00,0.00,1.15,2.42,2017/10/4  18:30:0
352,0.00,4.26,0.00,0.00,0.00,0.00,0.00,13.10,25.00,74,13.22,13.09,CutOut,NotCharging,Normal,Off,Normal,0.00,0.00,0.01,0.01,0.00,0.00,1.15,2.42,2017/10/4  18:41:0
353,0.00,11.33,0.00,0.00,0.00,0.00,0.00,13.10,25.00,74,13.22,13.09,CutOut,NotCharging,Normal,Off,Normal,0.00,0.00,0.01,0.01,0.00,0.00,1.15,2.42,2017/10/4  18:52:0
354,0.00,13.98,0.00,0.00,0.00,0.00,0.00,13.10,25.00,73,13.23,13.02,Input,RaisingCharge,Normal,Off,Normal,0.00,0.00,0.01,0.01,0.00,0.00,1.15,2.42,2017/10/4  19:3:0
355,0.03,14.07,0.52,0.00,0.00,0.00,0.04,13.11,25.00,74,13.23,13.02,Input,RaisingCharge,Normal,Off,Normal,0.00,0.00,0.01,0.01,0.00,0.00,1.15,2.42,2017/10/4  19:14:0
356,0.07,14.14,1.05,0.00,0.00,0.00,0.08,13.15,25.00,75,13.23,13.02,Input,RaisingCharge,Normal,Off,Normal,0.00,0.00,0.01,0.01,0.00,0.00,1.15,2.42,2017/10/4  19:25:0
357,0.11,14.08,1.58,0.00,0.00,0.00,0.12,13.19,25.00,77,13.27,13.02,Input,RaisingCharge,Normal,Off,Normal,0.00,0.00,0.01,0.01,0.00,0.00,1.15,2.42,2017/10/4  19:36:0
358,0.13,14.20,1.98,0.00,0.00,0.00,0.15,13.25,25.00,79,13.32,13.02,Input,RaisingCharge,Normal,Off,Normal,0.00,0.00,0.01,0.01,0.00,0.00,1.15,2.42,2017/10/4  19:47:0
359,0.65,14.67,9.64,0.00,0.00,0.00,0.71,13.59,25.00,92,13.64,13.02,Input,RaisingCharge,Normal,Off,Normal,0.00,0.00,0.01,0.01,0.00,0.00,1.15,2.42,2017/10/4  19:58:0
360,0.47,21.17,10.09,0.00,0.00,0.00,0.70,14.42,25.00,100,14.96,13.02,Input,RaisingCharge,Normal,Off,Normal,0.00,0.00,0.01,0.01,0.00,0.00,1.15,2.42,2017/10/4  20:9:0
361,0.41,21.80,8.94,0.00,0.00,0.00,0.62,14.43,25.00,100,14.96,13.02,Input,RaisingCharge,Normal,Off,Normal,0.00,0.00,0.01,0.01,0.00,0.00,1.15,2.42,2017/10/4  20:20:0
362,0.38,21.55,8.31,0.00,0.00,0.00,0.58,14.34,25.00,100,14.96,13.02,Input,RaisingCharge,Normal,Off,Normal,0.00,0.00,0.01,0.01,0.00,0.00,1.15,2.42,2017/10/4  20:31:0
363,0.37,21.32,8.03,0.00,0.00,0.00,0.56,14.35,25.00,100,14.96,13.02,Input,RaisingCharge,Normal,Off,Normal,0.00,0.00,0.01,0.01,0.00,0.00,1.15,2.42,2017/10/4  20:42:0
364,0.37,21.39,7.94,0.00,0.00,0.00,0.55,14.45,25.00,100,14.96,13.02,Input,RaisingCharge,Normal,Off,Normal,0.00,0.00,0.01,0.01,0.01,0.01,1.16,2.43,2017/10/4  20:53:0
365,0.35,21.50,7.65,0.00,0.00,0.00,0.53,14.44,25.00,100,14.96,13.02,Input,RaisingCharge,Normal,Off,Normal,0.00,0.00,0.01,0.01,0.01,0.01,1.16,2.43,2017/10/4  21:4:0
366,0.36,21.55,7.79,0.00,0.00,0.00,0.54,14.44,25.00,100,14.96,13.02,Input,RaisingCharge,Normal,Off,Normal,0.00,0.00,0.01,0.01,0.01,0.01,1.16,2.43,2017/10/4  21:15:0
367,0.35,21.56,7.62,0.00,0.00,0.00,0.53,14.39,25.00,100,14.96,13.02,Input,RaisingCharge,Normal,Off,Normal,0.00,0.00,0.01,0.01,0.01,0.01,1.16,2.43,2017/10/4  21:26:0
368,0.36,21.48,7.80,0.00,0.00,0.00,0.54,14.45,25.00,100,14.96,13.02,Input,RaisingCharge,Normal,Off,Normal,0.00,0.00,0.01,0.01,0.01,0.01,1.16,2.43,2017/10/4  21:38:0
369,0.34,21.43,7.31,0.00,0.00,0.00,0.51,14.35,25.00,100,14.96,13.02,Input,RaisingCharge,Normal,Off,Normal,0.00,0.00,0.01,0.01,0.01,0.01,1.16,2.43,2017/10/4  21:49:0
370,0.34,21.42,7.32,0.00,0.00,0.00,0.51,14.36,25.00,100,14.96,13.02,Input,RaisingCharge,Normal,Off,Normal,0.00,0.00,0.01,0.01,0.02,0.02,1.17,2.44,2017/10/4  22:0:0
371,0.21,21.40,4.55,0.00,0.00,0.00,0.33,13.79,25.00,99,14.96,13.02,Input,FloatCharge,Normal,Off,Normal,0.00,0.00,0.01,0.01,0.02,0.02,1.17,2.44,2017/10/4  22:11:0
372,0.21,21.58,4.69,0.00,0.00,0.00,0.34,13.81,25.00,100,14.96,13.02,Input,FloatCharge,Normal,Off,Normal,0.00,0.00,0.01,0.01,0.02,0.02,1.17,2.44,2017/10/4  22:22:0
373,0.20,21.70,4.55,0.00,0.00,0.00,0.33,13.80,25.00,100,14.96,13.02,Input,FloatCharge,Normal,Off,Normal,0.00,0.00,0.01,0.01,0.02,0.02,1.17,2.44,2017/10/4  22:33:0
374,1.00,20.43,20.51,0.00,0.00,0.00,1.48,13.86,25.00,100,14.96,13.02,Input,FloatCharge,Normal,Off,Normal,0.00,0.00,0.01,0.01,0.02,0.02,1.17,2.44,2017/10/4  22:44:0
375,0.95,20.43,19.59,0.00,0.00,0.00,1.42,13.80,25.00,100,14.96,13.02,Input,FloatCharge,Normal,Off,Normal,0.00,0.00,0.01,0.01,0.03,0.03,1.18,2.45,2017/10/4  22:55:0
376,0.94,20.51,19.37,0.00,0.00,0.00,1.40,13.84,25.00,100,14.96,13.02,Input,FloatCharge,Normal,Off,Normal,0.00,0.00,0.01,0.01,0.03,0.03,1.18,2.45,2017/10/4  23:6:0
377,0.97,20.25,19.74,0.00,0.00,0.00,1.43,13.81,25.00,100,14.96,13.02,Input,FloatCharge,Normal,Off,Normal,0.00,0.00,0.01,0.01,0.03,0.03,1.18,2.45,2017/10/4  23:17:0
378,0.94,20.41,19.30,0.00,0.00,0.00,1.40,13.79,25.00,100,14.96,13.02,Input,FloatCharge,Normal,Off,Normal,0.00,0.00,0.01,0.01,0.04,0.04,1.19,2.46,2017/10/4  23:28:0
379,0.99,20.31,20.11,0.00,0.00,0.00,1.45,13.87,25.00,100,14.96,13.02,Input,FloatCharge,Normal,Off,Normal,0.00,0.00,0.01,0.01,0.04,0.04,1.19,2.46,2017/10/4  23:39:0
380,0.91,20.45,18.78,0.00,0.00,0.00,1.36,13.81,25.00,100,14.96,13.02,Input,FloatCharge,Normal,Off,Normal,0.00,0.00,0.01,0.01,0.05,0.05,1.20,2.47,2017/10/4  23:50:0
381,0.95,20.12,19.22,0.00,0.00,0.00,1.39,13.83,25.00,100,13.88,13.73,Input,FloatCharge,Normal,Off,Normal,0.00,0.00,0.01,0.01,0.00,0.05,1.20,2.47,2017/10/5  0:1:0
382,0.95,20.24,19.33,0.00,0.00,0.00,1.40,13.81,25.00,100,13.97,13.7,Input,FloatCharge,Normal,Off,Normal,0.00,0.00,0.01,0.01,0.00,0.05,1.20,2.47,2017/10/5  0:12:0
383,0.98,19.99,19.66,0.00,0.00,0.00,1.42,13.85,25.00,100,13.97,13.67,Input,FloatCharge,Normal,Off,Normal,0.00,0.00,0.01,0.01,0.00,0.05,1.20,2.47,2017/10/5  0:23:0
384,0.94,20.19,19.00,0.00,0.00,0.00,1.38,13.77,25.00,99,13.97,13.66,Input,FloatCharge,Normal,Off,Normal,0.00,0.00,0.01,0.01,0.01,0.06,1.21,2.48,2017/10/5  0:34:0
385,0.95,20.45,19.59,0.00,0.00,0.00,1.42,13.80,25.00,100,13.97,13.66,Input,FloatCharge,Normal,Off,Normal,0.00,0.00,0.01,0.01,0.01,0.06,1.21,2.48,2017/10/5  0:45:0
386,0.90,20.36,18.34,0.00,0.00,0.00,1.33,13.79,25.00,98,13.97,13.65,Input,FloatCharge,Normal,Off,Normal,0.00,0.00,0.01,0.01,0.02,0.07,1.22,2.49,2017/10/5  0:56:0
387,0.95,20.54,19.68,0.00,0.00,0.00,1.42,13.86,25.00,100,13.97,13.65,Input,FloatCharge,Normal,Off,Normal,0.00,0.00,0.01,0.01,0.02,0.07,1.22,2.49,2017/10/5  1:7:0
388,0.93,20.35,18.96,0.00,0.00,0.00,1.37,13.84,25.00,100,14.21,13.41,Input,FloatCharge,Normal,Off,Normal,0.00,0.00,0.01,0.01,0.02,0.07,1.22,2.49,2017/10/5  1:18:0
389,1.07,19.86,21.38,0.00,0.00,0.00,1.53,13.98,25.00,100,14.21,13.41,Input,FloatCharge,Normal,Off,Normal,0.00,0.00,0.01,0.01,0.03,0.08,1.23,2.50,2017/10/5  1:29:0
390,0.98,20.12,19.90,0.00,0.00,0.00,1.44,13.82,25.00,100,14.21,13.41,Input,FloatCharge,Normal,Off,Normal,0.00,0.00,0.01,0.01,0.03,0.08,1.23,2.50,2017/10/5  1:40:0
391,0.82,20.74,17.06,0.00,0.00,0.00,1.24,13.76,25.00,98,14.21,13.41,Input,FloatCharge,Normal,Off,Normal,0.00,0.00,0.01,0.01,0.03,0.08,1.23,2.50,2017/10/5  1:51:0
392,0.88,20.57,18.24,0.00,0.00,0.00,1.32,13.82,25.00,100,14.21,13.41,Input,FloatCharge,Normal,Off,Normal,0.00,0.00,0.01,0.01,0.04,0.09,1.24,2.51,2017/10/5  2:2:0
393,0.93,20.11,18.72,0.00,0.00,0.00,1.36,13.77,25.00,99,14.21,13.41,Input,FloatCharge,Normal,Off,Normal,0.00,0.00,0.01,0.01,0.04,0.09,1.24,2.51,2017/10/5  2:13:0
394,0.94,20.24,19.12,0.00,0.00,0.00,1.38,13.86,25.00,100,14.21,13.41,Input,FloatCharge,Normal,Off,Normal,0.00,0.00,0.01,0.01,0.05,0.10,1.25,2.52,2017/10/5  2:24:0
395,1.18,19.25,22.74,0.00,0.00,0.00,1.66,13.70,25.00,97,14.21,13.41,Input,FloatCharge,Normal,Off,Normal,0.00,0.00,0.01,0.01,0.05,0.10,1.25,2.52,2017/10/5  2:35:0
396,0.98,19.70,19.44,0.00,0.00,0.00,1.41,13.79,25.00,99,14.21,13.41,Input,FloatCharge,Normal,Off,Normal,0.00,0.00,0.01,0.01,0.05,0.10,1.25,2.52,2017/10/5  2:46:0
397,0.87,18.41,16.05,0.00,0.00,0.00,1.17,13.72,25.00,96,14.21,13.41,Input,FloatCharge,Normal,Off,Normal,0.00,0.00,0.01,0.01,0.06,0.11,1.26,2.53,2017/10/5  2:57:0
398,0.91,16.60,15.24,0.00,0.00,0.00,1.12,13.61,25.00,92,14.34,13.41,Input,FloatCharge,Normal,Off,Normal,0.00,0.00,0.01,0.01,0.06,0.11,1.26,2.53,2017/10/5  3:9:0
399,0.99,20.39,20.25,0.00,0.00,0.00,1.46,13.87,25.00,100,14.41,13.41,Input,FloatCharge,Normal,Off,Normal,0.00,0.00,0.01,0.01,0.06,0.11,1.26,2.53,2017/10/5  3:20:0
400,0.92,19.40,18.03,0.00,0.00,0.00,1.31,13.77,25.00,98,14.41,13.41,Input,FloatCharge,Normal,Off,Normal,0.00,0.00,0.01,0.01,0.07,0.12,1.27,2.54,2017/10/5  3:31:0
401,1.06,17.72,18.94,0.00,0.00,0.00,1.37,13.83,25.00,100,14.41,13.41,Input,FloatCharge,Normal,Off,Normal,0.00,0.00,0.01,0.01,0.07,0.12,1.27,2.54,2017/10/5  3:42:0
402,0.99,19.83,19.68,0.00,0.00,0.00,1.42,13.86,25.00,100,14.41,13.41,Input,FloatCharge,Normal,Off,Normal,0.00,0.00,0.01,0.01,0.07,0.12,1.27,2.54,2017/10/5  3:53:0
403,0.96,19.64,19.03,0.00,0.00,0.00,1.38,13.79,25.00,100,14.41,13.41,Input,FloatCharge,Normal,Off,Normal,0.00,0.00,0.01,0.01,0.08,0.13,1.28,2.55,2017/10/5  4:4:0
404,0.97,18.84,18.31,0.00,0.00,0.00,1.33,13.77,25.00,99,14.41,13.41,Input,FloatCharge,Normal,Off,Normal,0.00,0.00,0.01,0.01,0.08,0.13,1.28,2.55,2017/10/5  4:15:0
405,0.98,18.61,18.34,0.00,0.00,0.00,1.33,13.79,25.00,97,14.41,13.41,Input,FloatCharge,Normal,Off,Normal,0.00,0.00,0.01,0.01,0.09,0.14,1.29,2.56,2017/10/5  4:26:0
406,1.06,17.20,18.30,0.00,0.00,0.00,1.33,13.76,25.00,98,14.41,13.41,Input,FloatCharge,Normal,Off,Normal,0.00,0.00,0.01,0.01,0.09,0.14,1.29,2.56,2017/10/5  4:37:0
407,1.00,14.38,14.43,0.00,0.00,0.00,1.07,13.49,25.00,88,14.41,13.41,Input,FloatCharge,Normal,Off,Normal,0.00,0.00,0.01,0.01,0.09,0.14,1.29,2.56,2017/10/5  4:48:0
408,0.19,14.14,2.74,0.00,0.00,0.00,0.21,13.05,25.00,72,14.41,13.03,Input,RaisingCharge,Normal,Off,Normal,0.00,0.00,0.01,0.01,0.10,0.15,1.30,2.57,2017/10/5  4:59:0
409,0.14,14.05,2.08,0.00,0.00,0.00,0.16,13.02,25.00,71,14.41,13,Input,RaisingCharge,Normal,Off,Normal,0.00,0.00,0.01,0.01,0.10,0.15,1.30,2.57,2017/10/5  5:10:0
410,0.12,13.95,1.69,0.00,0.00,0.00,0.13,13.01,25.00,70,14.41,12.98,Input,RaisingCharge,Normal,Off,Normal,0.00,0.00,0.01,0.01,0.10,0.15,1.30,2.57,2017/10/5  5:21:0
411,0.10,14.03,1.42,0.00,0.00,0.00,0.11,12.99,25.00,70,14.41,12.97,Input,RaisingCharge,Normal,Off,Normal,0.00,0.00,0.01,0.01,0.10,0.15,1.30,2.57,2017/10/5  5:32:0
412,0.08,13.90,1.16,0.00,0.00,0.00,0.09,12.98,25.00,69,14.41,12.96,Input,RaisingCharge,Normal,Off,Normal,0.00,0.00,0.01,0.01,0.10,0.15,1.30,2.57,2017/10/5  5:43:0
413,0.05,15.17,0.77,0.00,0.00,0.00,0.06,12.97,25.00,69,14.41,12.87,Input,RaisingCharge,Normal,Off,Normal,0.00,0.00,0.01,0.01,0.10,0.15,1.30,2.57,2017/10/5  5:54:0
414,0.03,13.91,0.51,0.00,0.00,0.00,0.04,12.96,25.00,68,14.41,12.87,Input,RaisingCharge,Normal,Off,Normal,0.00,0.00,0.01,0.01,0.10,0.15,1.30,2.57,2017/10/5  6:5:0
415,0.00,13.92,0.00,0.00,0.00,0.00,0.00,12.94,25.00,68,14.41,12.87,Input,RaisingCharge,Normal,Off,Normal,0.00,0.00,0.01,0.01,0.10,0.15,1.30,2.57,2017/10/5  6:16:0
416,0.00,13.37,0.00,0.00,0.00,0.00,0.00,12.94,25.00,68,14.41,12.86,Input,RaisingCharge,Normal,Off,Normal,0.00,0.00,0.01,0.01,0.10,0.15,1.30,2.57,2017/10/5  6:27:0
